who,2828
president,1084
chairman,627
director,573
professor,415
vice,377
founder,331
editor,298
lawyer,289
leader,255
emeritus,253
author,231
member,223
executive,218
officer,217
writer,212
partner,194
actor,181
film,181
law,174
more,172
book,168
board,166
television,164
career,163
firm,149
the,141
authority,141
art,135
work,129
world,119
magazine,117
figure,113
department,111
manager,107
actress,105
research,105
publisher,102
head,101
role,101
development,100
co,98
radio,97
artist,95
dean,94
stage,94
pioneer,93
architect,93
movie,91
official,91
designer,88
engineer,88
chief,88
producer,88
company,87
history,86
woman,83
country,82
composer,82
teacher,80
secretary,79
wife,79
judge,78
investment,76
estate,75
newspaper,75
program,75
retirement,73
music,72
child,72
relation,70
affair,70
specialist,69
singer,69
assistant,69
consultant,69
advertising,69
many,68
philanthropist,68
correspondent,68
star,68
expert,67
state,66
painter,66
man,65
novelist,64
historian,63
nation,63
player,62
labor,62
economist,61
family,60
owner,59
theater,58
service,58
business,57
counsel,56
critic,56
widow,56
photographer,55
jazz,55
industry,55
pianist,55
poet,55
right,54
war,54
team,54
journalist,54
banker,54
school,53
agent,53
education,53
adviser,52
scholar,51
reporter,50
time,50
medicine,48
educator,48
physician,47
character,47
life,47
father,47
surgeon,47
staff,47
diplomat,47
science,46
coach,45
justice,45
dancer,45
series,42
concern,42
nearly,41
commander,41
field,41
literature,41
study,40
picture,40
champion,40
division,39
city,38
show,38
cancer,38
developer,38
community,38
office,37
trustee,37
ballet,37
term,37
organization,37
system,37
playwright,36
attorney,36
inventor,36
comedy,36
',36
agency,36
force,35
news,35
columnist,35
minister,35
health,35
movement,35
scientist,35
fashion,34
trial,34
conductor,34
group,34
psychiatrist,33
story,33
press,33
40,33
football,32
name,32
sport,32
worker,31
dealer,31
area,31
general,31
sculptor,31
novel,31
government,31
opera,30
motion,30
song,30
design,30
treasurer,30
businessman,30
industrialist,30
voice,29
language,29
husband,29
activist,29
award,28
son,28
charge,28
play,28
last,28
marketing,27
brother,27
surgery,27
curator,26
physicist,26
chain,26
dance,26
district,26
college,26
hospital,25
researcher,25
aviation,25
effort,25
heart,25
veteran,25
pilot,25
operation,25
physics,25
league,25
tax,25
administrator,25
home,25
band,24
people,24
banking,24
chemistry,24
deputy,24
production,23
project,23
union,23
psychologist,23
publishing,23
advocate,23
30,23
management,23
painting,23
orchestra,22
collector,22
basketball,22
bridge,22
dozen,22
mother,22
prison,22
commissioner,22
case,22
treatment,22
priest,22
broker,22
psychology,22
insurance,22
pastor,22
comedian,21
crime,21
screen,21
death,21
a,21
psychoanalyst,21
economic,21
engineering,21
disease,21
winner,21
era,20
associate,20
master,20
bomb,20
post,20
year,20
fame,20
portrayal,20
style,20
part,20
game,20
drama,20
musician,20
drug,20
administration,20
50,19
violinist,19
analyst,19
police,19
investigation,19
concert,19
illustrator,19
building,19
20,19
food,19
psychiatry,19
student,19
hero,18
aide,18
brokerage,18
black,18
superintendent,18
committee,18
25,18
number,18
aircraft,18
politic,18
age,18
maker,18
space,18
museum,18
center,18
construction,18
record,18
oil,17
policy,17
friend,17
manufacturer,17
communication,17
soprano,17
almost,17
generation,17
store,17
defense,17
restaurant,17
control,17
writing,16
campaign,16
technique,16
baseball,16
today,16
sale,16
managing,16
fortune,16
strip,16
mathematic,16
mystery,16
biochemist,16
empire,16
use,16
tenor,16
corporation,16
chemist,16
blue,15
spokesman,15
three,15
sociology,15
theory,15
editorial,15
contract,15
pitcher,15
hit,15
championship,15
faculty,15
trade,15
house,15
acting,15
builder,15
announcer,15
cartoonist,15
supporter,15
church,15
network,14
independence,14
freelance,14
stockbroker,14
finance,14
million,14
audience,14
section,14
two,14
longtime,14
screenwriter,14
representative,14
governor,14
collection,14
attack,14
portrait,14
growth,14
biology,14
organizer,13
musical,13
half,13
care,13
financier,13
performance,13
article,13
plane,13
28,13
station,13
choreographer,13
principal,13
baritone,13
influence,13
race,13
this,13
publicity,13
boxing,13
publication,13
institution,13
anthropologist,13
chancellor,13
five,13
philosopher,13
housing,13
four,12
captain,12
landscape,12
troop,12
subject,12
interest,12
battle,12
information,12
bureau,12
operating,12
mathematician,12
neurology,12
hundred,12
headmaster,12
politician,12
landmark,12
contributor,12
peace,12
structure,12
32,12
patron,12
philosophy,12
cause,12
planning,12
documentary,12
delegate,11
end,11
fiction,11
chess,11
camp,11
rector,11
score,11
exile,11
way,11
performer,11
rock,11
copy,11
counselor,11
librarian,11
period,11
what,11
plant,11
activity,11
creator,11
flight,11
textile,11
person,11
pediatrician,11
line,11
35,11
scandal,11
investor,11
society,11
architecture,11
steel,11
arbitrator,11
position,11
45,11
victory,10
translator,10
candidate,10
security,10
clerk,10
chemical,10
10,10
14,10
18,10
color,10
money,10
recipient,10
trombonist,10
cardiologist,10
welfare,10
racing,10
trainer,10
town,10
airplane,10
blood,10
broadcasting,10
energy,10
hotel,10
self,10
conservationist,10
fund,10
land,10
talent,10
stock,10
lecturer,10
sister,10
chef,9
mayor,9
laboratory,9
murder,9
planner,9
tennis,9
classic,9
accounting,9
pathologist,9
nursing,9
lyric,9
12,9
title,9
paper,9
millionaire,9
prominence,9
party,9
airline,9
chaplain,9
biography,9
court,9
21,9
association,9
issue,9
bass,9
organist,9
culture,9
religion,9
commentator,9
opponent,9
prosecutor,9
fighter,9
cell,9
survivor,9
animal,9
entertainment,9
decade,9
photography,9
course,9
weapon,9
accountant,9
branch,9
gynecologist,9
missionary,8
anthropology,8
daughter,8
credit,8
drummer,8
attempt,8
wing,8
songwriter,8
decorator,8
prize,8
bond,8
foundation,8
hearing,8
client,8
reputation,8
method,8
several,8
birth,8
night,8
textbook,8
pediatric,8
rabbi,8
training,8
16,8
biographer,8
technology,8
power,8
operator,8
fan,8
20th,8
desegregation,8
legislator,8
radiation,8
safety,8
horse,8
preservation,8
majority,8
intelligence,8
attention,8
acclaim,8
sociologist,8
gallery,8
breeder,8
yachtsman,8
patient,8
supervisor,8
coordinator,8
golfer,8
folk,8
body,8
38,8
33,8
37,8
charity,8
vaudeville,8
process,8
six,8
computer,8
opposition,8
volunteer,8
practice,8
clinic,8
host,8
column,8
freedom,8
shipping,8
nightclub,8
horticulturist,8
variety,8
rise,7
street,7
admiral,7
property,7
entertainer,7
travel,7
trumpeter,7
matter,7
personality,7
patent,7
victim,7
raiser,7
legislation,7
boy,7
market,7
club,7
dermatologist,7
car,7
nomination,7
brigadier,7
girl,7
swing,7
broadcast,7
17,7
equipment,7
order,7
soloist,7
parent,7
22,7
60,7
island,7
personnel,7
version,7
conviction,7
soldier,7
teen,7
lighting,7
event,7
recording,7
gold,7
page,7
arm,7
coup,7
obstetrician,7
outfielder,7
income,7
rehabilitation,7
university,7
immigrant,7
laureate,7
lyricist,7
promoter,7
effect,7
cinematographer,7
rocket,7
biologist,7
journalism,7
dermatology,7
44,7
merchant,6
army,6
beauty,6
refugee,6
electronic,6
screenplay,6
metal,6
ambassador,6
cellist,6
trust,6
air,6
broadcaster,6
library,6
archivist,6
manufacturing,6
fabric,6
landing,6
saxophonist,6
makeup,6
crisis,6
transplant,6
aviator,6
talk,6
archeologist,6
minority,6
promotion,6
one,6
plastic,6
15,6
cantor,6
track,6
specialty,6
west,6
engine,6
thousand,6
cartoon,6
railroad,6
radiology,6
arranger,6
biochemistry,6
apartment,6
sound,6
jurist,6
mediator,6
patriarch,6
invasion,6
mission,6
29,6
obstetric,6
jet,6
dentist,6
pennant,6
his,6
distance,6
whom,6
yesterday,6
admission,6
source,6
creation,6
decision,6
benefactor,6
bankruptcy,6
jockey,6
mural,6
depression,6
31,6
trumpet,6
sculpture,6
soap,6
eight,6
employee,6
view,6
innovator,6
examiner,6
practitioner,6
bench,6
recognition,6
problem,6
bandleader,5
household,5
counseling,5
wine,5
interpretation,5
naturalist,5
theologian,5
debut,5
merchandising,5
struggle,5
rank,5
comic,5
target,5
dog,5
earth,5
guidance,5
geologist,5
lady,5
discovery,5
nature,5
conference,5
basis,5
commission,5
aid,5
procedure,5
pathology,5
boxer,5
epidemiologist,5
statistic,5
unit,5
fight,5
umpire,5
test,5
run,5
humorist,5
water,5
musicologist,5
product,5
brain,5
entrepreneur,5
anyone,5
holder,5
neurosurgeon,5
price,5
multimillion,5
resource,5
tour,5
evening,5
model,5
instrument,5
pill,5
astronomer,5
ace,5
act,5
vicar,5
image,5
apparel,5
internist,5
negotiator,5
nurse,5
legend,5
action,5
petroleum,5
baseman,5
radar,5
24,5
27,5
print,5
reporting,5
doyenne,5
automobile,5
vocalist,5
philanthropy,5
relationship,5
ballerina,5
popularity,5
breast,5
catcher,5
sportswear,5
flier,5
fire,5
instructor,5
behavior,5
36,5
recent,5
honor,5
emergency,5
delegation,5
jewelry,5
suit,5
kidney,5
exchange,5
34,5
merger,5
singing,5
camera,5
establishment,5
farm,5
gynecology,5
costume,5
day,5
colonel,5
scene,5
jail,5
device,5
face,5
piano,5
listener,5
ophthalmology,5
corruption,5
accident,5
appearance,5
inspector,5
statesman,5
guitarist,5
fishing,5
restaurateur,5
archeology,5
weather,5
lung,5
ruling,5
display,5
campus,5
rule,5
cookbook,5
bank,4
teaching,4
neurologist,4
county,4
adult,4
room,4
gasoline,4
sinking,4
scion,4
waterfront,4
18th,4
expressionist,4
affiliate,4
bone,4
fantasy,4
western,4
past,4
glass,4
rider,4
evangelist,4
matriarch,4
commodity,4
reference,4
commandant,4
exponent,4
radiologist,4
boss,4
idol,4
allergist,4
hand,4
athletic,4
antique,4
election,4
prisoner,4
medal,4
conservation,4
medium,4
pitching,4
form,4
regime,4
airman,4
nephew,4
revolution,4
bombing,4
change,4
bop,4
fuel,4
grandson,4
tale,4
window,4
mining,4
future,4
illness,4
hockey,4
dispute,4
seat,4
reading,4
26,4
harpsichordist,4
polo,4
boat,4
underworld,4
shopping,4
newspaperman,4
trader,4
telephone,4
dissident,4
participant,4
speech,4
essayist,4
relief,4
feminist,4
bloc,4
linguistic,4
fraud,4
bishop,4
13,4
invention,4
lobbyist,4
experience,4
cosmetic,4
eye,4
nine,4
sense,4
dress,4
doctor,4
playing,4
environmentalist,4
policeman,4
spy,4
measurement,4
translation,4
ager,4
cigarette,4
copyright,4
founding,4
theoretician,4
proprietor,4
guide,4
grant,4
assignment,4
analysis,4
disorder,4
civilization,4
innovation,4
custom,4
psychoanalysis,4
gravel,4
transmission,4
experiment,4
commercial,4
physiology,4
opinion,4
symbol,4
train,4
account,4
tap,4
democracy,4
poetry,4
interpreter,4
guerrilla,4
originator,4
auto,4
selection,4
knowledge,4
maritime,4
subcommittee,4
reform,4
sportswriter,4
controller,4
resident,4
retailing,4
fighting,4
thought,4
drawing,4
clergyman,4
citizen,4
drive,4
success,4
clarinetist,4
suspense,4
expansion,4
lieutenant,4
ink,4
musicology,4
41,4
other,4
astronomy,4
sleep,3
disk,3
cooking,3
maverick,3
protection,3
studio,3
fleet,3
economics,3
military,3
symphony,3
cardiology,3
advocacy,3
salvage,3
floor,3
feature,3
rookie,3
harmonica,3
coffee,3
silver,3
side,3
ring,3
reader,3
standard,3
formation,3
agriculture,3
revival,3
solicitor,3
chronicler,3
letter,3
consumer,3
sugar,3
coast,3
report,3
bar,3
release,3
compensation,3
grandmother,3
physiologist,3
wear,3
contribution,3
beer,3
correction,3
craft,3
seven,3
parish,3
complex,3
batting,3
kid,3
anchorman,3
sentence,3
flutist,3
east,3
58,3
55,3
53,3
52,3
peer,3
mid-1930,3
stockholder,3
surrender,3
ship,3
trip,3
nd,3
roll,3
geneticist,3
restorer,3
skin,3
microbiologist,3
rhythm,3
string,3
congregation,3
word,3
ophthalmologist,3
level,3
puppeteer,3
p,3
thinker,3
resurgence,3
understanding,3
box,3
love,3
urology,3
wildlife,3
soul,3
cat,3
printing,3
hydrogen,3
economy,3
explorer,3
preacher,3
repair,3
ethic,3
mail,3
televison,3
sponsor,3
album,3
living,3
bacteriologist,3
card,3
ministry,3
thing,3
childhood,3
flying,3
message,3
draft,3
revue,3
season,3
11,3
metabolism,3
conspiracy,3
borough,3
printer,3
pain,3
tract,3
neuro,3
medalist,3
shoe,3
vision,3
arrival,3
supermarket,3
coma,3
reaction,3
region,3
forecasting,3
exploit,3
endeavor,3
crew,3
helicopter,3
direction,3
protein,3
driver,3
senator,3
racketeering,3
middleweight,3
therapy,3
summer,3
ruler,3
traffic,3
proponent,3
table,3
leadership,3
violence,3
tumor,3
garment,3
fiddler,3
gambling,3
stalwart,3
tv,3
blockade,3
fall,3
cable,3
search,3
ballad,3
primate,3
demolition,3
coat,3
23,3
inquiry,3
soccer,3
ally,3
colleague,3
good,3
shop,3
idea,3
flower,3
beginning,3
script,3
st.,3
collage,3
king,3
ouster,3
foreman,3
plan,3
chronicle,3
cover,3
halfback,3
golf,3
defender,3
impact,3
giant,3
hip,3
financing,3
set,3
marriage,3
c,3
connection,3
loan,3
alumnus,3
village,3
vessel,3
collaborator,3
look,3
socialist,3
budget,3
sexuality,3
composition,3
conflict,3
mountain,3
cleary,3
reviewer,3
wage,3
stylist,3
integration,3
cameraman,3
pipeline,3
range,3
retailer,3
cafe,3
cotton,3
riot,3
desert,3
code,3
resistance,3
renown,3
suave,3
polling,3
39,3
titanic,3
photojournalism,3
theme,3
athlete,3
native,3
photojournalist,3
forest,3
leukemia,3
hazard,3
perjury,3
liner,3
tenure,3
addiction,3
accompanist,3
material,3
successor,3
impresario,3
muralist,3
adventure,3
measure,3
80,3
dictionary,3
stone,3
quality,3
nun,3
warfare,3
purchasing,3
class,3
edition,3
defenseman,3
linebacker,3
takeover,3
lyricism,3
respect,3
cinema,3
homosexual,3
clothing,3
smoking,3
dam,3
skill,3
graduate,3
transportation,3
supply,3
desk,3
descendant,3
miner,3
passion,3
ornithologist,3
zoology,3
strategy,3
u.s.a.,3
ear,3
48,3
46,3
42,3
43,3
pension,3
dynasty,2
protest,2
mansion,2
voter,2
kidnapping,2
allergy,2
narcotic,2
magnate,2
investigator,2
pinch,2
clientele,2
windel,2
horn,2
liberty,2
statehood,2
classification,2
ground,2
strike,2
segregationist,2
committeewoman,2
hemoglobin,2
aging,2
geology,2
machine,2
disgrace,2
revolt,2
headquarters,2
capitalism,2
origin,2
thesis,2
surviving,2
trading,2
navy,2
whip,2
speechwriter,2
harpist,2
signature,2
racketeer,2
neighborhood,2
top,2
contralto,2
trend,2
tool,2
lumber,2
wardrobe,2
demographer,2
rate,2
runner,2
endocrinology,2
mind,2
talking,2
manner,2
theology,2
quarterback,2
object,2
addict,2
coin,2
airship,2
principle,2
reserve,2
reactor,2
yachting,2
spirit,2
pacifist,2
habit,2
liquor,2
testing,2
detection,2
gentleman,2
co-,2
seismology,2
negotiation,2
blonde,2
drafting,2
catering,2
tradition,2
wildcat,2
leprosy,2
tissue,2
violin,2
doorman,2
malapropism,2
leftist,2
anesthesiology,2
ownership,2
tune,2
background,2
consciousness,2
sporting,2
assassination,2
humanity,2
sulfa,2
interior,2
gift,2
nude,2
56,2
battlefield,2
theatrical,2
humor,2
espionage,2
statistician,2
discount,2
chapter,2
cowboy,2
marshal,2
consulting,2
puzzle,2
profession,2
furnishing,2
support,2
call,2
amateur,2
heat,2
uncle,2
evidence,2
gland,2
no,2
pseudonym,2
faction,2
potato,2
animator,2
gown,2
horseback,2
milk,2
row,2
suicide,2
environment,2
cook,2
nerve,2
apartheid,2
guy,2
debate,2
explosion,2
astrophysicist,2
comptroller,2
tire,2
navigation,2
bribery,2
wealth,2
graphic,2
melodrama,2
abortion,2
making,2
council,2
concertmaster,2
reknown,2
granddaughter,2
stress,2
attraction,2
priesthood,2
safari,2
appraiser,2
peasant,2
fisherman,2
wqxr,2
regulation,2
shareholder,2
ed,2
trademark,2
distributor,2
container,2
commissar,2
trauma,2
dioxide,2
mapping,2
marine,2
blind,2
americana,2
convention,2
that,2
19,2
nazi,2
wonder,2
postmaster,2
chair,2
mate,2
average,2
sidekick,2
detective,2
moderator,2
elevate,2
corner,2
geography,2
enthusiast,2
cargo,2
hostage,2
tailor,2
moviegoer,2
aluminum,2
morning,2
gangster,2
review,2
import,2
genetic,2
dome,2
guitar,2
killing,2
shortstop,2
orchestration,2
61,2
comeback,2
dramatic,2
residence,2
alcoholic,2
confidant,2
week,2
ranch,2
flavor,2
staging,2
subversion,2
verse,2
defection,2
gastroenterologist,2
early,2
orthopedic,2
stunt,2
forecaster,2
furniture,2
robbery,2
steamship,2
choir,2
prolific,2
colonial,2
newsboy,2
yonker,2
neighbor,2
road,2
harness,2
involvement,2
pharmaceutical,2
her,2
styling,2
heroine,2
start,2
expatriate,2
tycoon,2
reorganization,2
circulation,2
impersonator,2
citizenship,2
imagination,2
lifetime,2
rubber,2
astronaut,2
peak,2
coverage,2
sanctuary,2
mass,2
treason,2
groundwork,2
lack,2
month,2
cooperative,2
removal,2
presentation,2
appointment,2
horror,2
ticket,2
condition,2
saxophone,2
highway,2
antibiotic,2
ten,2
link,2
coroner,2
turmoil,2
malaria,2
compilation,2
vibraphonist,2
diamond,2
door,2
duty,2
remain,2
suffragist,2
mid-1950,2
winemaker,2
goal,2
fullback,2
ensemble,2
sophistication,2
supervision,2
coal,2
responsibility,2
dream,2
help,2
hierarchy,2
hell,2
clarinet,2
return,2
geodesic,2
foot,2
likeness,2
enforcement,2
nutritionist,2
gardener,2
base,2
attendant,2
circuit,2
sailor,2
selling,2
park,2
versatility,2
apprentice,2
kind,2
contraception,2
concentration,2
dancing,2
donor,2
province,2
achievement,2
forerunner,2
funeral,2
clinician,2
taxi,2
session,2
suspect,2
multimillionaire,2
nominee,2
x,2
sea,2
crossword,2
cartographer,2
bronze,2
point,2
stamp,2
earthquake,2
dame,2
referee,2
dropout,2
circus,2
handling,2
hostess,2
pace,2
violist,2
casino,2
century,2
ray,2
cityscape,2
nickname,2
inflation,2
prevention,2
cabaret,2
contractor,2
exhibition,2
transformation,2
luxury,2
march,2
aerospace,2
semi,2
chorus,2
gardening,2
motor,2
spring,2
indigent,2
seller,2
pen,2
anatomy,2
penicillin,2
comedienne,2
lifeboat,2
question,2
manufacture,2
narrator,2
newsman,2
poster,2
atom,2
subsidiary,2
expedition,2
application,2
restoration,2
serviceman,2
realty,2
theorist,2
touring,2
queen,2
tunnel,2
assemblage,2
video,2
bird,2
epidemiology,2
grandchild,2
defeat,2
lottery,2
spying,2
toy,2
pharmacologist,2
missile,2
endocrinologist,2
dentistry,2
baby,2
zookeeper,2
praise,2
executor,2
admiralty,2
confidante,2
favorite,2
villain,2
serial,2
united,2
light,2
counter,2
stevedore,2
tuberculosis,2
crash,2
front,2
tran,2
professorship,2
flair,2
salesman,2
witness,2
valve,2
lecture,2
electronics,2
withdrawal,2
linguist,2
obscurity,2
manuscript,2
festival,2
chemotherapy,2
strongman,2
accompaniment,2
collecting,2
enforcer,2
nonfiction,2
need,2
deposit,2
combat,2
realtor,2
volume,2
placement,2
chicken,2
sheriff,2
pharmacology,2
magistrate,2
timing,2
organ,2
rein,2
wire,2
pattern,2
thermonuclear,2
genius,2
ability,2
onetime,2
job,2
distribution,2
wall,2
carbon,2
discrimination,2
quiz,2
psychotherapist,2
site,2
capture,2
balloon,2
cross,2
underground,2
powerboat,2
disciple,2
premiere,2
drink,2
magician,2
diabetes,2
49,2
reformer,2
royalty,2
immunology,2
prescription,2
bacteriology,2
replacement,2
hair,2
wnet,2
esthetic,2
journal,2
throne,2
carrier,2
swimming,2
debutante,2
guard,2
utility,2
zoologist,2
firefighter,2
chairmanship,2
heiress,2
sibling,2
romance,2
headmistress,2
monday,2
foil,2
rotund,2
contraceptive,2
liver,2
bass-,1
folklore,1
pardon,1
papacy,1
subdean,1
aggression,1
goldfinger,1
paris,1
edward,1
restriction,1
tenacity,1
pride,1
risk,1
mainspring,1
orthodontia,1
every,1
anemia,1
solution,1
guiding,1
triumph,1
knitwear,1
charter,1
infancy,1
second,1
neurophysiologist,1
decadence,1
actresscomedian,1
hide,1
astrophysic,1
photofinishing,1
profitability,1
superintendant,1
fossil,1
new,1
payoff,1
human,1
47,1
pursuit,1
cult,1
aftermath,1
100,1
cardboard,1
auction,1
envoy,1
anchor,1
mentor,1
smoke,1
anarchist,1
intrigue,1
musing,1
criticism,1
forensi,1
satellite,1
iconoclast,1
stern,1
stand,1
experimentation,1
alligator,1
passport,1
type,1
preparation,1
playboy,1
traceable,1
meteorologist,1
mainland,1
tariff,1
hoax,1
philanthropic,1
mechanic,1
vodka,1
blight,1
bellman,1
currency,1
liter,1
ceremony,1
farce,1
conservator,1
cutback,1
committeeman,1
terature,1
answer,1
actuality,1
dialect,1
abstraction,1
arthritis,1
loyalty,1
ceramic,1
schoolchildren,1
arch,1
tourism,1
purchase,1
amit,1
mastectomy,1
salon,1
popsicle,1
deck,1
over,1
fidelity,1
receiver,1
bloodpressure,1
howdy,1
fad,1
gymnast,1
ultrarightist,1
shipbuilder,1
inventory,1
tourist,1
combination,1
plaster,1
operetta,1
penetration,1
expressionism,1
unionist,1
rental,1
dictatorship,1
fibrosis,1
dyeing,1
disconnection,1
acoustic,1
bombsight,1
moose,1
childen,1
tancredo,1
short-,1
clothe,1
precollege,1
driving,1
motel,1
cuddlecoat,1
steams,1
re,1
ra,1
comissioner,1
strategist,1
rail,1
estimate,1
kit,1
acrobat,1
lithography,1
hometown,1
scheme,1
sident,1
farmworker,1
backup,1
psychic,1
primary,1
clarity,1
parkway,1
feeding,1
2,1
toe,1
collapse,1
roseland,1
nancy,1
gambler,1
tree,1
seminary,1
methadonemaintenance,1
realestate,1
secretarytreasurer,1
modern,1
seed,1
dinner,1
strength,1
concrete,1
steamboat,1
cheer,1
elegance,1
depiction,1
pop,1
pilgrimage,1
furrier,1
dial,1
debonair,1
savvy,1
stardom,1
entry,1
phase,1
neurosurgery,1
prostitute,1
hut,1
episode,1
observation,1
treaty,1
freeway,1
aunt,1
barbering,1
rotunda,1
anticancer,1
voting,1
floe,1
chariot,1
saga,1
visitor,1
armament,1
occupaion,1
judgeship,1
programmer,1
bush,1
bread,1
population,1
plate,1
woodcut,1
patter,1
hematology,1
pocket,1
wedding,1
tribute,1
motionpicture,1
bat,1
wrecker,1
rowing,1
suffrage,1
microscopy,1
implication,1
steak,1
disaster,1
frontline,1
snuff,1
modernist,1
catalogue,1
cooperation,1
pirate,1
warrior,1
orchidist,1
handful,1
censorship,1
defiance,1
ham,1
cranio,1
climate,1
cow,1
heating,1
ring-,1
peddling,1
logic,1
expense,1
obscenity,1
tone,1
repertory,1
tonk,1
height,1
deciphering,1
path,1
pregnancy,1
telecommunications,1
brassy,1
subsidy,1
homeland,1
efficacy,1
speaker,1
jojoba,1
glider,1
harshness,1
commerce,1
sly,1
presidency,1
oboist,1
flooding,1
settler,1
cane,1
fencing,1
it,1
memorial,1
undergarment,1
amount,1
rebellion,1
stuntman,1
monarch,1
wheel,1
youth,1
condemnation,1
immigration,1
renaissance,1
halfbackquarterback,1
warden,1
operalogue,1
greeter,1
catheter,1
smoker,1
resettlement,1
ocean,1
contact,1
baroque,1
fistfight,1
submarine,1
corporate,1
protocol,1
photo,1
disguise,1
councilman,1
stepdaughter,1
thyroid,1
legion,1
jeweler,1
spread,1
cowhand,1
burglary,1
contestant,1
paleontology,1
copyboy,1
survival,1
orthodontic,1
altitude,1
d,1
dignity,1
insurgent,1
54,1
manual,1
hunt,1
bookseller,1
51,1
transaction,1
stockboy,1
danseur,1
trombone,1
orchid,1
clash,1
bottom,1
fox,1
everything,1
cord,1
burn,1
illustration,1
diner,1
uranium,1
assault,1
seaplane,1
craftsman,1
hulking,1
dilemma,1
seeker,1
presence,1
mailroom,1
philantrophist,1
intellectual,1
doctrine,1
hospice,1
oilman,1
coauthor,1
vaccination,1
fascination,1
failure,1
syndicate,1
soubrette,1
neve,1
fairchild,1
assessment,1
smasher,1
crystal,1
veterinarian,1
minor,1
passenger,1
juvenile,1
liberal,1
escape,1
ruin,1
cobbler,1
pedagogue,1
quintuplet,1
liberalism,1
melanoma,1
stake,1
flood,1
tin,1
setting,1
heyday,1
cleric,1
diet,1
anatomist,1
coaltion,1
muse,1
wounded,1
persecution,1
troupe,1
billion,1
rabbit,1
yacht,1
domination,1
daily,1
jacket,1
longshoreman,1
ferment,1
focus,1
supplement,1
microwave,1
recluse,1
grape,1
filming,1
terror,1
southwest,1
patrolman,1
deliverer,1
lynch,1
contra,1
dio,1
best-,1
excellence,1
participation,1
documentary-,1
attic,1
bureaus,1
coalition,1
hobbyist,1
affiliation,1
cost,1
crescent,1
takeoff,1
neuropsychiatry,1
bacteria,1
43d,1
ecumenism,1
ecumenist,1
international,1
dwarf,1
guardian,1
diocesan,1
root,1
hospitality,1
lending,1
keeper,1
hamburger,1
descendent,1
fairfield,1
live,1
stepmother,1
memory,1
tribulation,1
trophy,1
artillery,1
faith,1
publicist,1
curriculum,1
envelope,1
downtown,1
exhibitor,1
orator,1
behalf,1
fly,1
radiotherapy,1
slogan,1
diseuse,1
biophysicist,1
transsexualism,1
following,1
yardstick,1
telephotography,1
merchandiser,1
chip,1
parachute,1
admirer,1
offense,1
craze,1
restitution,1
monthlong,1
monitoring,1
winter,1
etcher,1
newspaperwoman,1
belting,1
beat,1
sunday,1
botanist,1
cannon,1
schocken,1
pathway,1
nonstop,1
criminal,1
rockfill,1
impeachment,1
congressman,1
classroom,1
watercolor,1
warring,1
bean,1
truck,1
block,1
basket,1
outlet,1
oncology,1
shield,1
colt,1
midnight,1
embezzlement,1
firework,1
farmer,1
whirlpool,1
civilian,1
allocation,1
killer,1
interview,1
prima,1
bath,1
hall,1
lineage,1
wagon,1
equality,1
cleancut,1
realism,1
turtle,1
midlife,1
bookshop,1
goose,1
vagabond,1
preaching,1
pithy,1
interference,1
increase,1
earlier,1
possibility,1
rebel,1
marionette,1
costar,1
obligation,1
vestige,1
advance,1
brasil,1
waiter,1
deprivation,1
transition,1
programming,1
registrar,1
first,1
potter,1
misfit,1
shipyard,1
periodical,1
spanish,1
wrath,1
logotype,1
molder,1
terrifying,1
escort,1
woodcarver,1
white,1
nutrition,1
sharecropper,1
taxation,1
heritage,1
prosthesis,1
unionization,1
bookmaker,1
photograph,1
typography,1
tribesman,1
wpix,1
isotope,1
geophysicist,1
angel,1
piccolo,1
marijuana,1
rent,1
breakfast,1
marathon,1
foreigner,1
zoo,1
ideal,1
fracture,1
objective,1
grande,1
butterfly,1
caseworker,1
donation,1
freshman,1
sun,1
virologist,1
trafficking,1
refining,1
nuclear,1
professional,1
salt,1
ordination,1
shot,1
discoverer,1
contemporary,1
therapist,1
objector,1
thriller,1
dick,1
surrealist,1
wood,1
modernism,1
alcoholism,1
mysticism,1
conjunction,1
scorekeeper,1
badinage,1
harbinger,1
leather,1
businesswoman,1
workman,1
skyline,1
demimonde,1
relative,1
fertility,1
aeronautic,1
lithographer,1
stepson,1
mecca,1
mortgage,1
maturity,1
sponsorship,1
whereabouts,1
balletomane,1
bibliophile,1
kukla,1
saucy,1
panache,1
functionary,1
spark,1
emigrant,1
mob,1
propagation,1
residency,1
flipper,1
railway,1
mid-1970,1
attache,1
highlight,1
authenticity,1
dispatch,1
stereophonic,1
colon,1
65,1
learning,1
nationalist,1
mark,1
workshop,1
dictator,1
rancher,1
informer,1
schoolboy,1
tournament,1
oceanographer,1
tactician,1
valor,1
squash,1
centerpiece,1
calligraphy,1
sportscaster,1
robber,1
objectivism,1
cash,1
trick,1
cast,1
notoriety,1
situation,1
stepfather,1
novella,1
girth,1
cart,1
polymer,1
orientation,1
crewman,1
wholesaler,1
servant,1
canon,1
refinery,1
watchdog,1
synagogue,1
nationalism,1
fledgling,1
bermuda,1
showgirl,1
stoneware,1
finish,1
foundling,1
refusal,1
zoning,1
running,1
fruit,1
statue,1
muffler,1
upheaval,1
agronomist,1
bailiff,1
garfinckel,1
bottle,1
posterist,1
battleship,1
storming,1
slugger,1
speed,1
socialite,1
thinking,1
rose,1
characterization,1
improvement,1
overthrow,1
zany,1
ebullient,1
skier,1
decentralization,1
idiom,1
disappearance,1
amd,1
hander,1
bandage,1
execution,1
clan,1
accusation,1
stranger,1
malignancy,1
62,1
chamber,1
63,1
t,1
output,1
tower,1
stripteaser,1
doll,1
titan,1
showman,1
68,1
bobbed,1
pasture,1
nazism,1
organizing,1
octane,1
daytime,1
poll,1
manning,1
noon,1
hepatitis,1
moon,1
flow,1
docum,1
compulsion,1
wheat,1
skeet,1
internship,1
nudism,1
innocence,1
televising,1
don,1
conducting,1
radiography,1
copywriter,1
insect,1
mean,1
antibody,1
cryptographer,1
counterinsurgent,1
detente,1
tribe,1
statuette,1
tritium,1
fluorine,1
intervention,1
supervising,1
pressroom,1
appeal,1
springboard,1
psychopharmacology,1
fish,1
mid-1960,1
smuggling,1
intoxication,1
buying,1
regimen,1
tanker,1
intermission,1
appliance,1
poison,1
nightlife,1
whiz,1
roughhouse,1
patois,1
podiatry,1
tectonic,1
ature,1
at,1
logo,1
mover,1
ice,1
yoga,1
rocketry,1
novice,1
abolish,1
backgammon,1
dreadnought,1
trash,1
immunity,1
outfield,1
briefly,1
lexicographer,1
walker,1
miniserie,1
tailback,1
nucleus,1
tackle,1
slang,1
overture,1
sportswoman,1
mimic,1
immunoglobulin,1
husky,1
sensibility,1
sitarist,1
growling,1
lumberman,1
reindeer,1
unrest,1
concept,1
directorship,1
settlement,1
children,1
barony,1
rickettsia,1
modernization,1
ideologist,1
infringement,1
detention,1
skit,1
scout,1
rape,1
internationalism,1
austerity,1
celebrity,1
list,1
grandfather,1
sane,1
wearer,1
mammal,1
blackout,1
busing,1
vinifera,1
choirmaster,1
villainess,1
tex,1
value,1
healer,1
metallurgist,1
humpback,1
sub,1
menswear,1
favor,1
public,1
bestknown,1
beacon,1
dramatist,1
airport,1
corps,1
flash,1
shorthand,1
enactment,1
follower,1
extinction,1
mistress,1
crusader,1
warship,1
ciation,1
leg,1
fragrance,1
inlaw,1
injury,1
mill,1
stethoscope,1
stick,1
underwriter,1
none,1
hour,1
2d,1
clergy,1
oilfield,1
needlepoint,1
share,1
bus,1
schoolgirl,1
phrase,1
ideology,1
federation,1
freckle,1
oratory,1
liaison,1
octopussy,1
bawdy,1
orchestrator,1
helmet,1
uprising,1
musicianship,1
soundtrack,1
idiocy,1
banki,1
imagery,1
sect,1
comatose,1
lama,1
reservoir,1
attitude,1
spoof,1
millinery,1
border,1
scenarist,1
prodigy,1
resort,1
golfing,1
bout,1
might,1
wry,1
gadget,1
hunter,1
shuttle,1
fancy,1
commodore,1
compound,1
saks-34th,1
prolyn,1
swimsuit,1
friendship,1
heavy,1
malfunction,1
accelerator,1
duchess,1
gangland,1
penitentiary,1
trooper,1
anticorruption,1
brewery,1
dunk,1
corporal,1
porcelain,1
backer,1
foible,1
coastline,1
stoneman,1
temperature,1
revolutionary,1
definition,1
parodist,1
sportscast,1
prophet,1
american,1
industrialization,1
anecdote,1
black-,1
copper,1
engagement,1
advertisement,1
probability,1
contender,1
antiquity,1
elder,1
campground,1
whale,1
arbitration,1
guest,1
gourmet,1
traver,1
obedience,1
ballistic,1
radiotherapist,1
mainstay,1
hatcheck,1
zeppelin,1
interviewer,1
reliever,1
b,1
bride,1
bohemian,1
mink,1
motivation,1
actuary,1
livery,1
juice,1
sell,1
evasion,1
auctioneer,1
buff,1
godfather,1
64,1
exec,1
flute,1
reach,1
77,1
virus,1
73,1
70,1
hormone,1
amphibian,1
nobility,1
chairwoman,1
occupation,1
scooter,1
grace,1
penalty,1
enzyme,1
circle,1
observatory,1
batter,1
paine,1
enemy,1
computerization,1
virology,1
perfume,1
logistic,1
weaver,1
multicampus,1
enclosure,1
ridicule,1
sex,1
lion,1
migration,1
close,1
ichthyology,1
constructio,1
digitali,1
angiocardiography,1
fertilization,1
wop,1
herald,1
inauguration,1
solo,1
denomination,1
dramatization,1
strikeout,1
geometrist,1
franchise,1
license,1
onion,1
gemstone,1
acquisition,1
mile,1
gadfly,1
coloratura,1
sportin,1
pocketbook,1
acceptance,1
creativity,1
hitting,1
manhunt,1
maintenance,1
doyen,1
alto,1
precision,1
moderation,1
determination,1
pacemaker,1
gag,1
cabdriver,1
h.r.h.,1
pact,1
churchwoman,1
solid,1
bill,1
luciano,1
rationing,1
bluegrass,1
decoration,1
vow,1
complicity,1
reign,1
fluorocarbon,1
corridor,1
modification,1
optic,1
buckwheat,1
deformity,1
revitalization,1
nalist,1
kaleidoscope,1
tobacco,1
dark,1
lower,1
task,1
ragamuffin,1
infertility,1
surrogate,1
silversmith,1
strobe,1
throwaway,1
milling,1
cornet,1
conservative,1
relevancy,1
sprinter,1
emigre,1
g.e.,1
depravity,1
bid,1
paint,1
banjo,1
eet,1
pillar,1
machinery,1
glove,1
uproar,1
arthur,1
scape,1
scriptwriter,1
martial,1
sight,1
selfishness,1
sprint,1
scale,1
pet,1
temple,1
booklet,1
agreement,1
tinker,1
automaker,1
friar,1
public-,1
vaccine,1
housekeeping,1
anything,1
audition,1
newsdealer,1
75,1
trucking,1
regular,1
militia,1
chi,1
charm,1
silence,1
clubhouse,1
sanforizing,1
garbage,1
caretaker,1
conquest,1
drifter,1
neutrality,1
lender,1
lesson,1
span,1
renewal,1
simulator,1
errand,1
doubt,1
grave,1
kamikaze,1
tally,1
archdeacon,1
cloth,1
atlantic,1
segregation,1
outpost,1
penguin,1
patriot,1
contracetif,1
teleplay,1
us,1
planet,1
un,1
exploration,1
desalination,1
payola,1
individuality,1
protegee,1
m,1
provost,1
curb,1
anthology,1
parlor,1
transport,1
freighter,1
manhattan,1
revision,1
copier,1
endocrine,1
heir,1
enterprise,1
prosecution,1
ulyss,1
lens,1
meaning,1
balloonist,1
blend,1
advertisment,1
feud,1
standoff,1
tube,1
independent-,1
essay,1
hampton,1
gang,1
aristocrat,1
sonorous-,1
metallurgy,1
pollutant,1
atlas,1
suite,1
skywriter,1
schenker,1
garden,1
torture,1
artery,1
folklorist,1
proctology,1
recreation,1
moderate,1
knight,1
academia,1
alia,1
pledge,1
portraitist,1
wrestling,1
recruitment,1
exuberant,1
register,1
purge,1
robation,1
anthem,1
valet,1
19th,1
capital,1
exercise,1
stance,1
444,1
poverty,1
separation,1
brunet,1
bald,1
survey,1
insulin,1
impressionist,1
wig,1
prize-,1
duck,1
limb,1
standing,1
cha,1
breakup,1
hudson,1
next,1
weeping,1
vehicle,1
otolaryngologist,1
cornetist,1
halfcentury,1
tangerine,1
infection,1
emigration,1
appointee,1
potential,1
customer,1
dapper,1
stroke,1
gruff,1
monster,1
condominium,1
pedagogy,1
predecessor,1
speciality,1
matinee,1
teamster,1
lifesupport,1
contempt,1
autobiography,1
syndrome,1
picturesque,1
arrangement,1
camerawork,1
ferdinand,1
memoir,1
tension,1
biopsy,1
abuse,1
wrist,1
marrow,1
terrier,1
bassoonist,1
courage,1
alienation,1
raido,1
flapper,1
heater,1
ambition,1
move,1
reptile,1
tableau,1
cruise,1
galaxy,1
sauce,1
le,1
dancin,1
heroism,1
troubleshooter,1
holiday,1
20thcentury,1
songwriting,1
regionalist,1
richness,1
tile,1
billiard,1
fingerprint,1
mastery,1
subcontinent,1
backboard,1
magnitude,1
directionfinding,1
shortage,1
promise,1
bryher,1
noodle,1
sportsman,1
weave,1
out,1
rival,1
playground,1
flushing,1
evacuation,1
yankee,1
math,1
wallpaper,1
wristwatch,1
ban,1
tenement,1
ancestry,1
adam-12,1
delinquency,1
gospel,1
neuroendocrinology,1
yard,1
backwater,1
timer,1
conversation,1
length,1
allied,1
south,1
mankind,1
cosmologist,1
guidebook,1
probation,1
horseman,1
synthesizer,1
prostate,1
inmate,1
physic,1
embryology,1
mandibular,1
lemonade,1
intoenglish,1
gunpoint,1
printmaking,1
counterespionage,1
incident,1
bodyguard,1
ben,1
electroshock,1
kickback,1
isolation,1
evita,1
bobsledder,1
individual,1
reproduction,1
caterer,1
doctorate,1
devotion,1
viewer,1
partnership,1
tonight,1
north,1
agronomy,1
demonstration,1
b.v.d.,1
abstractionist,1
lili,1
bakery,1
tactic,1
dc-3,1
pharmacist,1
agenda,1
collaboration,1
business-,1
grandmaster,1
satire,1
lobby,1
segment,1
fair,1
polyester,1
bookstore,1
fact,1
atmosphere,1
kite,1
headquarter,1
controversy,1
longevity,1
ioneer,1
editing,1
jaw,1
rash,1
tape,1
195l,1
sulfur,1
hope,1
jackpot,1
embroidery,1
plaintiff,1
massacre,1
perfection,1
ghetto,1
evolution,1
allegation,1
monochromatic,1
madam,1
requirement,1
national,1
partisan,1
middle-,1
geochemistry,1
identification,1
routine,1
adolescence,1
tent,1
brewing,1
explosive,1
opening,1
joy,1
vitamin,1
lawsuit,1
blisher,1
equal,1
provincial,1
orthodontist,1
disarmament,1
migrant,1
laugh,1
poem,1
neuropsychology,1
swimmer,1
storyteller,1
newscast,1
librettist,1
topology,1
armistice,1
commuter,1
horsemen,1
horsewoman,1
ghoulish,1
puerto,1
watcher,1
gunpowder,1
laser,1
73d,1
cbs,1
auguste,1
reminiscence,1
speculator,1
fingertip,1
handwriting,1
piloting,1
layoff,1
helper,1
ornithology,1
dissent,1
surface,1
swinging,1
prose,1
navigator,1
inquest,1
exuberance,1
digging,1
chronicling,1
terrorism,1
balcony,1
automation,1
ion,1
spree,1
collar,1
untouchable,1
well,1
command,1
english,1
diphtheria,1
muscle,1
sensing,1
lightbulb,1
underdog,1
negligence,1
driller,1
offensive,1
recollection,1
bibliography,1
cinematography,1
arrest,1
adoption,1
logger,1
literacy,1
scoundrel,1
antidiscrimination,1
impresssionist,1
sweep,1
newsstand,1
bartender,1
loss,1
lincoln,1
housekeeper,1
bigotry,1
candy,1
garage,1
sourdough,1
glare,1
scuffle,1
export,1
goaltender,1
trucker,1
employment,1
glyph,1
competitor,1
cavalcade,1
lead,1
slide,1
coagulation,1
bingo,1
location,1
benefit,1
drumming,1
duo,1
chance,1
rodeo,1
futurist,1
constructor,1
rug,1
midget,1
concession,1
warner,1
outset,1
benchmark,1
wilderness,1
vertebrate,1
commitment,1
fundraiser,1
brush,1
registration,1
beneficiary,1
pinup,1
van,1
adolescent,1
transfer,1
luminary,1
secret,1
overtime,1
infirmity,1
dynamite,1
function,1
footwork,1
jury,1
brand,1
delivery,1
bassist,1
prioress,1
rectum,1
hitter,1
deficiency,1
particle,1
triumphant,1
excitement,1
limit,1
cello,1
monument,1
gunsmoke,1
plutonium,1
steeplechase,1
universal,1
telecommunication,1
areer,1
twist,1
ferve,1
pit,1
backfield,1
nuclease,1
special,1
granite,1
satirist,1
lance,1
junk,1
reorientation,1
traditionalist,1
vignette,1
in-,1
ileitis,1
inspiration,1
laundromat,1
repertoire,1
frontier,1
armor,1
diagnosis,1
grocery,1
