origin,term,code(s)
OccTitleAlec,marine engineers and naval architects,"001, 014"
OccTitleAlec,keypunch operator,203
OccTitleAlec,wholesale sales workers,"260–262, 269–277, 279"
OccTitleAlec,food processing technicians,"022, 041, 274"
OccTitleAlec,poultry farmer,411
OccTitleAlec,direct market broker,259
OccTitleAlec,stock clerk,"209, 219, 222, 299"
OccTitleAlec,assembler,"700–703, 706, 720–729, 806, 820–82893197C"
OccTitleAlec,darkroom technicians,976
OccTitleAlec,rehabilitation counselor,045
OccTitleAlec,fire protection engineer,012
OccTitleAlec,underwriter,"169, 186"
OccTitleAlec,computer security engineers,033
OccTitleAlec,probation officer,195
OccTitleAlec,home health aides,354
OccTitleAlec,flight information coordinators and radio operators,912
OccTitleAlec,geriatric social worker,195
OccTitleAlec,microbiologist,"041, 078"
OccTitleAlec,resume writers,199
OccTitleAlec,industrial engineers,012
OccTitleAlec,truck and bus dispatchers,"249, 913"
OccTitleAlec,lawyer,110–111
OccTitleAlec,prosthetists and orthotists,078
OccTitleAlec,broadcast technicians,"194, 962"
OccTitleAlec,detectives,"372, 375–376"
OccTitleAlec,technical support specialist,"018, 020, 033"
OccTitleAlec,railroad track worker,"869, 910"
OccTitleAlec,employment counselors,166
OccTitleAlec,electrical technicians,"003, 168"
OccTitleAlec,foresters,"005, 040, 452"
OccTitleAlec,cable television technician,821
OccTitleAlec,electroplaters,500
OccTitleAlec,restaurant managers,187
OccTitleAlec,police officers,"375, 377"
OccTitleAlec,ushers,344
OccTitleAlec,music video producers,"152, 187"
OccTitleAlec,boilermaking worker,"601, 805"
OccTitleAlec,appliance service worker,"637, 723, 827"
OccTitleAlec,claim examiners,"168, 241"
OccTitleAlec,wholesale sales worker,"260–262, 269–277, 279"
OccTitleAlec,fruit grower,403
OccTitleAlec,homemakers,301–309
OccTitleAlec,production designers,"141–142, 333, 962"
OccTitleAlec,direct sales worker,291
OccTitleAlec,personal exercise instructor,359
OccTitleAlec,highway maintenance worker,899
OccTitleAlec,sports management professionals,"090, 153, 187"
OccTitleAlec,chiropractors,079
OccTitleAlec,physician,070
OccTitleAlec,artificial intelligence specialists,003
OccTitleAlec,cardiac-monitor technicians/perfusionist,078
OccTitleAlec,solar energy technician,"003, 637"
OccTitleAlec,pathologist,"041, 070, 073"
OccTitleAlec,psychologist,045
OccTitleAlec,barbers and hairstylist,"330, 332"
OccTitleAlec,railroad engineer,910
OccTitleAlec,railroad clerks,"211, 221–222"
OccTitleAlec,telephone line workers and cable splicer,"822, 829"
OccTitleAlec,computer programmers,020
OccTitleAlec,swimming instructors,153
OccTitleAlec,advertising managers,164
OccTitleAlec,gardeners and groundskeeper,"301, 406"
OccTitleAlec,crime laboratory technicians,"029, 199, 375"
OccTitleAlec,industrial hygienist,"012, 079"
OccTitleAlec,dietitians and nutritionists,"077, 096"
OccTitleAlec,appliance service workers,"637, 723, 827"
OccTitleAlec,equipment rental and leasing service agents,295
OccTitleAlec,ergonomist,"012, 019, 161"
OccTitleAlec,epidemiologists,"041, 070, 073"
OccTitleAlec,telephone service technician,822
OccTitleAlec,cruise directors,187
OccTitleAlec,wastewater treatment plant operator,955
OccTitleAlec,cable television technicians,821
OccTitleAlec,waiters and waitresses,311
OccTitleAlec,wastewater treatment plant operators,955
OccTitleAlec,construction supervisor,182
OccTitleAlec,radio and television newscasters,159
OccTitleAlec,ward clerks,245
OccTitleAlec,investment bankers,020
OccTitleAlec,pantry supervisors,318
OccTitleAlec,ordinary and able seame,911
OccTitleAlec,social workers,195
OccTitleAlec,camera operators,143
OccTitleAlec,stadium manager,187
OccTitleAlec,retail buyer,162
OccTitleAlec,legal secretarie,201
OccTitleAlec,lathers,842
OccTitleAlec,insulation workers,863
OccTitleAlec,cosmetologists,332
OccTitleAlec,crop scientist,040
OccTitleAlec,distribution manager,163
OccTitleAlec,instrumentation technician,003
OccTitleAlec,personnel administrators,166
OccTitleAlec,marine-services technicians,"625, 825"
OccTitleAlec,sales manager,163
OccTitleAlec,meat packing workers,"520–523, 525–526, 529, 910"
OccTitleAlec,general manager,189
OccTitleAlec,funeral directors,"187, 338"
OccTitleAlec,payroll clerks,215
OccTitleAlec,environmental health specialist,029
OccTitleAlec,postal service workers,"188, 230, 243"
OccTitleAlec,athletic coache,153
OccTitleAlec,television and radio service technician,720
OccTitleAlec,special librarians,100
OccTitleAlec,cooperative extension service workers,096
OccTitleAlec,heavy construction contractor,182
OccTitleAlec,industrial upholsterers,"780, 869"
OccTitleAlec,"travel agents, corporat",252
OccTitleAlec,film editors,962
OccTitleAlec,biomedical engineer,019
OccTitleAlec,local transit operator,"910, 913"
OccTitleAlec,traffic manager,184
OccTitleAlec,ophthalmologists,070
OccTitleAlec,boat motor mechanic,623
OccTitleAlec,water well driller,859
OccTitleAlec,fluid power technician,"007, 600"
OccTitleAlec,computer artists,141
OccTitleAlec,aerospace engineer,002
OccTitleAlec,water resource engineer,954
OccTitleAlec,production manager,"141, 183, 652"
OccTitleAlec,restaurant steward,310
OccTitleAlec,printing press operators,652
OccTitleAlec,power tool repairers,729
OccTitleAlec,custom tailors and dressmaker,785
OccTitleAlec,veterinarians,073
OccTitleAlec,telemarketing specialists,253
OccTitleAlec,prepress worker,"650, 973, 979"
OccTitleAlec,brokerage clerks,219
OccTitleAlec,heavy equipment operators,859
OccTitleAlec,dry cleaning worker,"361–363, 369, 782, 920"
OccTitleAlec,range managers,040
OccTitleAlec,rug and carpet cleaner,"361–362, 369"
OccTitleAlec,retail butchers,316
OccTitleAlec,cable television engineer,184
OccTitleAlec,vocational counselor,"045, 166"
OccTitleAlec,computer software documentation writers,020
OccTitleAlec,elevator constructors and repair workers,825
OccTitleAlec,public relations managers,165
OccTitleAlec,﻿accountants,160
OccTitleAlec,desktop publisher,979
OccTitleAlec,electronics technician,"003, 726, 828"
OccTitleAlec,floor covering installers,864
OccTitleAlec,drafter,"001–003, 005, 007, 014, 017"
OccTitleAlec,merchant marine radio officer,193
OccTitleAlec,sanitary engineer,005
OccTitleAlec,﻿accountant,160
OccTitleAlec,printing press operator,652
OccTitleAlec,dining room attendant,311
OccTitleAlec,sports instructors,153
OccTitleAlec,computer database managers,185
OccTitleAlec,sound technician,"194, 962"
OccTitleAlec,cooks and chef,"313, 315"
OccTitleAlec,securities broker,251
OccTitleAlec,plasterers,842
OccTitleAlec,veterinarian,073
OccTitleAlec,vending machine route workers,292
OccTitleAlec,zoo administrator,"041, 073, 102"
OccTitleAlec,farm office worker,421
OccTitleAlec,transportation engineers,005
OccTitleAlec,tape librarian,206
OccTitleAlec,anthropologists,055
OccTitleAlec,prepress workers,"650, 973, 979"
OccTitleAlec,air conditioning and heating technicians,007
OccTitleAlec,college teacher,"090, 099"
OccTitleAlec,music teachers,152
OccTitleAlec,correspondence clerk,209
OccTitleAlec,marriage and family counselors,195
OccTitleAlec,expediter,221–222
OccTitleAlec,medical record administrator,079
OccTitleAlec,opticians,"299, 713, 716"
OccTitleAlec,motorcycle mechanic,620
OccTitleAlec,rug and carpet cleaners,"361–362, 369"
OccTitleAlec,production managers,"141, 183, 652"
OccTitleAlec,instructional designers,003
OccTitleAlec,hotel bellhops and porter,324
OccTitleAlec,computer network technicians,033
OccTitleAlec,ticket takers,344
OccTitleAlec,biomedical equipment technicians,"019, 719"
OccTitleAlec,railroad signalers and signal maintainers,822
OccTitleAlec,telephone central office supervisors,822
OccTitleAlec,software trainers,"018, 020"
OccTitleAlec,gunsmiths,632
OccTitleAlec,surveyor,018
OccTitleAlec,cheese industry worker,"520–524, 526, 529"
OccTitleAlec,marriage and family counselor,195
OccTitleAlec,septic tank installers,851
OccTitleAlec,auto sales workers,273
OccTitleAlec,tool and die makers,601
OccTitleAlec,motion picture projectionists,960
OccTitleAlec,truck terminal managers,184
OccTitleAlec,occupational therapists,076
OccTitleAlec,automotive mechanic,620
OccTitleAlec,hotel manager,187
OccTitleAlec,public relations worker,165
OccTitleAlec,museum curators,102
OccTitleAlec,insurance agents and broker,250
OccTitleAlec,ground radio operators and teletypist,193
OccTitleAlec,lumber mill worker,"455, 665, 667, 921"
OccTitleAlec,construction laborer,869
OccTitleAlec,zoo animal caretaker,"410, 412"
OccTitleAlec,party planners,359
OccTitleAlec,food brokers,260
OccTitleAlec,postal service worker,"188, 230, 243"
OccTitleAlec,administrative assistants,169
OccTitleAlec,translators and interpreter,137
OccTitleAlec,surveyor's helper,"018, 869"
OccTitleAlec,industrial laser machine operator,609
OccTitleAlec,forensic scientist,059
OccTitleAlec,plasterer,842
OccTitleAlec,carpenters,860
OccTitleAlec,business and family consumer scientists,"090–092, 096"
OccTitleAlec,telephone design engineer,003
OccTitleAlec,dialysis technicians,078
OccTitleAlec,dentists,072
OccTitleAlec,journalists,131–132
OccTitleAlec,interviewing clerk,"166, 205"
OccTitleAlec,armed services careers,"101, 166, 235, 378, 620, 623, 639, 829, 911–912"
OccTitleAlec,convention specialist,187
OccTitleAlec,"air conditioning, heating, and refrigeration mechanics","637, 827, 862"
OccTitleAlec,e-commerce project managers,"033, 185"
OccTitleAlec,cashier,211
OccTitleAlec,labor relations specialist,166
OccTitleAlec,automated manufacturing manager,638
OccTitleAlec,"travel agents, corporate",252
OccTitleAlec,drywall installers and finisher,842
OccTitleAlec,payroll clerk,215
OccTitleAlec,surgeon,070
OccTitleAlec,machine tool operators,"602–607, 609"
OccTitleAlec,archaeologists,055
OccTitleAlec,blood bank technologists,078
OccTitleAlec,customs workers,168
OccTitleAlec,management consultant analyst,"161, 189, 199"
OccTitleAlec,food canning and freezing worker,"520–526, 529"
OccTitleAlec,network administrator,"033, 185"
OccTitleAlec,management information systems (mis) professional,"161, 169"
OccTitleAlec,nuclear technician,"015, 199, 952, 955"
OccTitleAlec,bartender,312
OccTitleAlec,geographer,029
OccTitleAlec,genetic engineering research assistants,"078, 109, 199"
OccTitleAlec,long-haul truck driver,905
OccTitleAlec,radiologic technologists,078
OccTitleAlec,telephone design engineers,003
OccTitleAlec,operations research analysts,020
OccTitleAlec,soil scientists,040
OccTitleAlec,door-to-door sales workers,"279, 291–292, 299"
OccTitleAlec,sound technicians,"194, 962"
OccTitleAlec,word processors,"203, 209, 213, 616"
OccTitleAlec,metallurgical technician,011
OccTitleAlec,agricultural technician,"013, 162, 272, 523"
OccTitleAlec,mechanical engineering technicians,007
OccTitleAlec,zoologist,04
OccTitleAlec,park ranger,169
OccTitleAlec,blacksmiths and forge shop workers,610–612
OccTitleAlec,mechanical engineer,007
OccTitleAlec,truck terminal manager,184
OccTitleAlec,state police officers,375
OccTitleAlec,livestock farmers,410
OccTitleAlec,physical therapy assistants,076
OccTitleAlec,film editor,962
OccTitleAlec,photo researchers,199
OccTitleAlec,pet care workers,"159, 410, 418"
OccTitleAlec,geriatric social workers,195
OccTitleAlec,composite technician,701
OccTitleAlec,dental hygienist,078
OccTitleAlec,customs worker,168
OccTitleAlec,union business agent,187
OccTitleAlec,security guards,"372, 376"
OccTitleAlec,automobile driving instructors,099
OccTitleAlec,corrections officer,372
OccTitleAlec,iron and steel worker,"801, 809, 869"
OccTitleAlec,divorce mediator,169
OccTitleAlec,meeting planners,215
OccTitleAlec,public librarians,100
OccTitleAlec,fbi special agents,375
OccTitleAlec,agricultural engineer,013
OccTitleAlec,cement masons,"844, 869"
OccTitleAlec,lithographic worker,"971–972, 979"
OccTitleAlec,food processing technician,"022, 041, 274"
OccTitleAlec,retail store sales workers,"260–262, 270, 277, 279, 290"
OccTitleAlec,botanist,041
OccTitleAlec,graphic designer,141
OccTitleAlec,court clerks,243
OccTitleAlec,computer programmer,020
OccTitleAlec,public health educators,079
OccTitleAlec,barbers and hairstylists,"330, 332"
OccTitleAlec,tour escort,353
OccTitleAlec,genetic engineering research scientists,"041, 199"
OccTitleAlec,statisticians,020
OccTitleAlec,traffic engineer,005
OccTitleAlec,real estate developer,189
OccTitleAlec,astronomers,021
OccTitleAlec,reprographic worker,976
OccTitleAlec,data entry keyers,203
OccTitleAlec,hydrologist,024
OccTitleAlec,instructional designer,003
OccTitleAlec,numerical control machine operators,609
OccTitleAlec,laboratory animal care worker,410
OccTitleAlec,security guard,"372, 376"
OccTitleAlec,mail service workers,239
OccTitleAlec,loggers,"454–455, 921–922, 929"
OccTitleAlec,chauffeur,"359, 913"
OccTitleAlec,hospitality cashier,211
OccTitleAlec,bowling pin machine mechanic,638
OccTitleAlec,septic tank installer,851
OccTitleAlec,occupational therapy assistant,076
OccTitleAlec,college/university administrator,090
OccTitleAlec,parking attendants,915
OccTitleAlec,forest products technicians,"260, 560–561, 563–564, 569"
OccTitleAlec,architectural drafters,001
OccTitleAlec,systems engineers,020
OccTitleAlec,construction laborers,869
OccTitleAlec,farm managers,421
OccTitleAlec,youth organization worker,"096, 159, 195"
OccTitleAlec,metal miner,"930–934, 939"
OccTitleAlec,bank officer,186
OccTitleAlec,"production, planning, and expediting clerks","012, 221–222"
OccTitleAlec,laser and fiber optics technician,"003, 019, 823"
OccTitleAlec,forestry technician,"451–455, 459"
OccTitleAlec,car rental agents,"273, 295"
OccTitleAlec,hazardous waste management technicians,955
OccTitleAlec,data entry keyer,203
OccTitleAlec,waiters and waitresse,311
OccTitleAlec,osteopathic physician,071
OccTitleAlec,office clerk,"203, 209"
OccTitleAlec,railroad maintenance worker,"610, 622, 804–805, 824"
OccTitleAlec,avionics technician,823
OccTitleAlec,medical laboratory technologist,078
OccTitleAlec,fast food franchise workers,"311, 313, 317, 319"
OccTitleAlec,glazier,865
OccTitleAlec,hotel bellhops and porters,324
OccTitleAlec,nuclear engineers,015
OccTitleAlec,registered nurses,075
OccTitleAlec,museum workers,"100, 102, 353"
OccTitleAlec,dairy farmers,410
OccTitleAlec,computer software documentation writer,020
OccTitleAlec,home caterer,"187, 319"
OccTitleAlec,medical laboratory technologists,078
OccTitleAlec,construction millwrights,638
OccTitleAlec,mathematicians,020
OccTitleAlec,construction equipment mechanic,"620, 625"
OccTitleAlec,usability researcher,"018, 020"
OccTitleAlec,bartenders,312
OccTitleAlec,bicycle repairers,639
OccTitleAlec,recycling and reclamation worker,"512, 515"
OccTitleAlec,lifeguards,379
OccTitleAlec,public librarian,100
OccTitleAlec,telephone service representatives,239
OccTitleAlec,epidemiologist,"041, 070, 073"
OccTitleAlec,electrologists,339
OccTitleAlec,food scientist,"022, 040–041"
OccTitleAlec,demographers,"020, 059"
OccTitleAlec,sports instructor,153
OccTitleAlec,water well drillers,859
OccTitleAlec,boat motor mechanics,623
OccTitleAlec,computer servicers,633
OccTitleAlec,compensation specialist,166
OccTitleAlec,piano and organ tuners and technician,"730, 828"
OccTitleAlec,petroleum engineers,010
OccTitleAlec,marine-services technician,"625, 825"
OccTitleAlec,advertising copywriter,131
OccTitleAlec,music video producer,"152, 187"
OccTitleAlec,nurse–midwive,075
OccTitleAlec,wildlife manager,"040–041, 180, 379"
OccTitleAlec,watch repairers,715
OccTitleAlec,day care worker,359
OccTitleAlec,avionics technicians,823
OccTitleAlec,ambulance driver,"375, 913"
OccTitleAlec,desktop publishers,979
OccTitleAlec,nannie,099
OccTitleAlec,border patrol agents,375
OccTitleAlec,electric power service worker,"239, 729, 821"
OccTitleAlec,air traffic controller,193
OccTitleAlec,environmentalist,029
OccTitleAlec,day care workers,359
OccTitleAlec,artificial intelligence specialist,003
OccTitleAlec,cam operators,"003, 007, 012"
OccTitleAlec,biomedical equipment technician,"019, 719"
OccTitleAlec,auditors,160
OccTitleAlec,recreational therapist,076
OccTitleAlec,hotel houseworker,"321, 323"
OccTitleAlec,equipment rental and leasing service agent,295
OccTitleAlec,computer consultant,"018, 020"
OccTitleAlec,civil engineer,005
OccTitleAlec,paralegal aides,119
OccTitleAlec,embalmer,338
OccTitleAlec,farm laborers,421
OccTitleAlec,financial analysts,020
OccTitleAlec,organizational developer,"012, 161, 166, 189, 199"
OccTitleAlec,car rental agent,"273, 295"
OccTitleAlec,stagehands,962
OccTitleAlec,production painter,"599, 741"
OccTitleAlec,intercity bus driver,913
OccTitleAlec,dental and medical secretarie,201
OccTitleAlec,riggers,869
OccTitleAlec,integrated circuit technician,590
OccTitleAlec,head waiters and waitresses,311
OccTitleAlec,instrument maker,"600, 729–730"
OccTitleAlec,meat packing worker,"520–523, 525–526, 529, 910"
OccTitleAlec,dairy farmer,410
OccTitleAlec,airline baggage and freight handler,"357, 912, 919"
OccTitleAlec,announcers,159
OccTitleAlec,statistical clerk,215–216
OccTitleAlec,fruit growers,403
OccTitleAlec,medical record technicians and clerk,"079, 245"
OccTitleAlec,appraiser,191
OccTitleAlec,real estate sales workers and broker,250
OccTitleAlec,automated manufacturing managers,638
OccTitleAlec,paralegal aide,119
OccTitleAlec,poultry farmers,411
OccTitleAlec,consumer advocate,"096, 110"
OccTitleAlec,mathematician,020
OccTitleAlec,cardiology technologists,078
OccTitleAlec,flight information coordinators and radio operator,912
OccTitleAlec,hotel executive housekeeper,187
OccTitleAlec,fire protection engineers,012
OccTitleAlec,health care administrator,187
OccTitleAlec,usher,344
OccTitleAlec,stadium worker,"211, 291, 311, 344, 372"
OccTitleAlec,merchant marine captain,197
OccTitleAlec,personal service workers,359
OccTitleAlec,general managers,189
OccTitleAlec,systems analyst,"012, 020, 030, 161"
OccTitleAlec,securities brokers,251
OccTitleAlec,mail service worker,239
OccTitleAlec,power tool repairer,729
OccTitleAlec,osteopathic physicians,071
OccTitleAlec,instrument repairers,"710, 729, 823"
OccTitleAlec,file clerks,206
OccTitleAlec,food scientists,"022, 040–041"
OccTitleAlec,painters and paperhangers,840–841
OccTitleAlec,estimators,169
OccTitleAlec,chemical engineers,008
OccTitleAlec,dry cleaning workers,"361–363, 369, 782, 920"
OccTitleAlec,manufacturers' sales worker,"260–262, 269–277, 279"
OccTitleAlec,recreation worker,"076, 159, 187, 195"
OccTitleAlec,demolition workers,"859, 869"
OccTitleAlec,literary and theatrical agents,191
OccTitleAlec,refuse workers,"909, 955"
OccTitleAlec,title examiner,119
OccTitleAlec,electrical engineers,003
OccTitleAlec,integrated circuit technicians,590
OccTitleAlec,construction electricians,"824, 829"
OccTitleAlec,telephone service technicians,822
OccTitleAlec,media time sales worker,259
OccTitleAlec,motion picture projectionist,960
OccTitleAlec,prosthetists and orthotist,078
OccTitleAlec,teacher's aides,"099, 249"
OccTitleAlec,"marble, tile, and terrazzo worker",861
OccTitleAlec,announcer,159
OccTitleAlec,car wash workers,915
OccTitleAlec,zoologists,04
OccTitleAlec,auto sales worker,273
OccTitleAlec,information marketing specialists,299
OccTitleAlec,dock worker,"911, 922"
OccTitleAlec,stationary engineer,950
OccTitleAlec,cheese industry workers,"520–524, 526, 529"
OccTitleAlec,computer security engineer,033
OccTitleAlec,proofreaders,209
OccTitleAlec,credit collectors,241
OccTitleAlec,medical illustrators,141
OccTitleAlec,shoe repairers,365
OccTitleAlec,appraisers,191
OccTitleAlec,teacher's aide,"099, 249"
OccTitleAlec,marketing research workers,"045, 050, 189"
OccTitleAlec,dishwashers,318
OccTitleAlec,musician,152
OccTitleAlec,plumbers and pipe fitters,862
OccTitleAlec,airport manager,184
OccTitleAlec,store managers,185
OccTitleAlec,social directors,352
OccTitleAlec,railroad signalers and signal maintainer,822
OccTitleAlec,camera operator,143
OccTitleAlec,semiconductor processors,590
OccTitleAlec,food and beverage manager,187
OccTitleAlec,pet care worker,"159, 410, 418"
OccTitleAlec,pastry chefs and baker,"313, 520, 524, 526"
OccTitleAlec,surveyor's helpers,"018, 869"
OccTitleAlec,technical writer,131
OccTitleAlec,geriatric aide,355
OccTitleAlec,employment counselor,166
OccTitleAlec,athletic trainers,153
OccTitleAlec,blacksmiths and forge shop worker,610–612
OccTitleAlec,laser and fiber optics technicians,"003, 019, 823"
OccTitleAlec,shorthand reporter,202
OccTitleAlec,insurance agents and brokers,250
OccTitleAlec,tape librarians,206
OccTitleAlec,actuarie,020
OccTitleAlec,school administrators,099
OccTitleAlec,hotel desk clerks,238
OccTitleAlec,dishwasher,318
OccTitleAlec,linguist,059
OccTitleAlec,real estate appraisers,191
OccTitleAlec,criminologists,054
OccTitleAlec,photographers,143
OccTitleAlec,building custodians,381–382
OccTitleAlec,wedding consultant,299
OccTitleAlec,telemarketing specialist,253
OccTitleAlec,watch repairer,715
OccTitleAlec,custom upholsterer,780
OccTitleAlec,sanitary engineers,005
OccTitleAlec,fast food franchise worker,"311, 313, 317, 319"
OccTitleAlec,ambulance drivers,"375, 913"
OccTitleAlec,musicians,152
OccTitleAlec,credit officials,"168, 186"
OccTitleAlec,lighting technicians,962
OccTitleAlec,claim adjuster,241
OccTitleAlec,pastry chefs and bakers,"313, 520, 524, 526"
OccTitleAlec,agronomists,040
OccTitleAlec,word processor,"203, 209, 213, 616"
OccTitleAlec,railroad conductor,"198, 910"
OccTitleAlec,flight engineers,621
OccTitleAlec,marketing director,"163, 189"
OccTitleAlec,ocean technician,"024, 041"
OccTitleAlec,iron and steel workers,"801, 809, 869"
OccTitleAlec,medical record technicians and clerks,"079, 245"
OccTitleAlec,economists,050
OccTitleAlec,airport managers,184
OccTitleAlec,machine tool operator,"602–607, 609"
OccTitleAlec,"cotton, tobacco, and peanut farmer",404
OccTitleAlec,parole officer,195
OccTitleAlec,telephone operator,235
OccTitleAlec,sheet metal worker,804
OccTitleAlec,family and consumer science researchers,096
OccTitleAlec,fund-raiser,293
OccTitleAlec,metallurgical technicians,011
OccTitleAlec,automobile driving instructor,099
OccTitleAlec,radiologic technologist,078
OccTitleAlec,civil engineering technicians,005
OccTitleAlec,airline baggage and freight handlers,"357, 912, 919"
OccTitleAlec,electric power service workers,"239, 729, 821"
OccTitleAlec,chemical engineer,008
OccTitleAlec,heavy equipment operator,859
OccTitleAlec,air pollution control technicians,029
OccTitleAlec,display worker,298
OccTitleAlec,fiction writer,131
OccTitleAlec,trade show managers,163
OccTitleAlec,production supervisors,"183, 529, 539, 559, 653, 699"
OccTitleAlec,usability researchers,"018, 020"
OccTitleAlec,youth organization workers,"096, 159, 195"
OccTitleAlec,air conditioning and heating technician,007
OccTitleAlec,interior designer,142
OccTitleAlec,historian,052
OccTitleAlec,television and radio service technicians,720
OccTitleAlec,industrial laser machine operators,609
OccTitleAlec,retail butcher,316
OccTitleAlec,product manager,141
OccTitleAlec,computer servicer,633
OccTitleAlec,piano and organ tuners and technicians,"730, 828"
OccTitleAlec,podiatrist,079
OccTitleAlec,laboratory animal care workers,410
OccTitleAlec,"travel agents, incentiv",252
OccTitleAlec,railroad track workers,"869, 910"
OccTitleAlec,sports management professional,"090, 153, 187"
OccTitleAlec,physicists,023
OccTitleAlec,consumer advocates,"096, 110"
OccTitleAlec,home security consultants,189
OccTitleAlec,agronomist,040
OccTitleAlec,crime laboratory technician,"029, 199, 375"
OccTitleAlec,fund-raisers,293
OccTitleAlec,instrumentation technicians,003
OccTitleAlec,title examiners,119
OccTitleAlec,music teacher,152
OccTitleAlec,political scientists,051
OccTitleAlec,dock workers,"911, 922"
OccTitleAlec,dentist,072
OccTitleAlec,swimming pool servicers,"891, 869"
OccTitleAlec,biochemists,041
OccTitleAlec,airline reservations agent,238
OccTitleAlec,hydrologists,024
OccTitleAlec,demographer,"020, 059"
OccTitleAlec,computer database manager,185
OccTitleAlec,farm manager,421
OccTitleAlec,lather,842
OccTitleAlec,employment agent,"045, 166"
OccTitleAlec,robotics technicians,"166, 606, 609, 638"
OccTitleAlec,theater manager,187
OccTitleAlec,urban and regional planner,199
OccTitleAlec,podiatrists,079
OccTitleAlec,magazine editor,132
OccTitleAlec,sheet metal workers,804
OccTitleAlec,sales managers,163
OccTitleAlec,advertising manager,164
OccTitleAlec,maintenance electricians,"824, 829"
OccTitleAlec,small business owners,185
OccTitleAlec,industrial machinery repairer,626–631
OccTitleAlec,convention specialists,187
OccTitleAlec,telecommunications specialist,253
OccTitleAlec,architect,001
OccTitleAlec,receptionists,237
OccTitleAlec,fbi special agent,375
OccTitleAlec,caterer,"187, 319"
OccTitleAlec,messenger service workers,239
OccTitleAlec,lithographic workers,"971–972, 979"
OccTitleAlec,hospital administrators,187
OccTitleAlec,home security consultant,189
OccTitleAlec,stadium managers,187
OccTitleAlec,wildlife managers,"040–041, 180, 379"
OccTitleAlec,anthropologist,055
OccTitleAlec,nuclear medicine technologist,078
OccTitleAlec,tour escorts,353
OccTitleAlec,electronics technicians,"003, 726, 828"
OccTitleAlec,school librarian,100
OccTitleAlec,energy conservation technician,"003, 959"
OccTitleAlec,meter reader,209
OccTitleAlec,zoo animal caretakers,"410, 412"
OccTitleAlec,child monitors,"099, 301"
OccTitleAlec,cam operator,"003, 007, 012"
OccTitleAlec,media time sales workers,259
OccTitleAlec,employment agents,"045, 166"
OccTitleAlec,route delivery workers,292
OccTitleAlec,anesthesiologists,070
OccTitleAlec,computer consultants,"018, 020"
OccTitleAlec,grain farmer,401
OccTitleAlec,bank clerk,"203, 209–210, 214–217, 219, 249"
OccTitleAlec,dining room attendants,311
OccTitleAlec,dental assistant,079
OccTitleAlec,auto parts counter worker,"279, 620"
OccTitleAlec,horticulturists,040
OccTitleAlec,production painters,"599, 741"
OccTitleAlec,aids counselors,195
OccTitleAlec,insulation worker,863
OccTitleAlec,coal miner,"930–934, 939"
OccTitleAlec,government inspectors and examiners,168
OccTitleAlec,boiler tenders,950–951
OccTitleAlec,interviewing clerks,"166, 205"
OccTitleAlec,safety engineer,"010, 012, 168"
OccTitleAlec,airline dispatcher,912
OccTitleAlec,tax preparer,219
OccTitleAlec,menu planners,077
OccTitleAlec,cafeteria attendant,"311, 319"
OccTitleAlec,auctioneer,294
OccTitleAlec,medical laboratory workers,078
OccTitleAlec,pharmaceutical detail representatives,262
OccTitleAlec,parking attendant,915
OccTitleAlec,genetic engineering research scientist,"041, 199"
OccTitleAlec,linguists,059
OccTitleAlec,architectural drafter,001
OccTitleAlec,athletic trainer,153
OccTitleAlec,painters and paperhanger,840–841
OccTitleAlec,broadcast technician,"194, 962"
OccTitleAlec,casino workers,187
OccTitleAlec,electric power transmission and distribution workers,"821, 829, 952"
OccTitleAlec,divers,"349, 899"
OccTitleAlec,admitting clerks,205
OccTitleAlec,zoo administrators,"041, 073, 102"
OccTitleAlec,court clerk,243
OccTitleAlec,office machine servicers,633
OccTitleAlec,orthoptist,079
OccTitleAlec,biomedical engineers,019
OccTitleAlec,quality control inspector,"529, 579, 649, 652, 701, 725–726"
OccTitleAlec,dental hygienists,078
OccTitleAlec,marketing directors,"163, 189"
OccTitleAlec,textile designer,142
OccTitleAlec,airport utility worker,912
OccTitleAlec,architects,001
OccTitleAlec,personal shopper,296
OccTitleAlec,blood bank technologist,078
OccTitleAlec,acupuncturist,079
OccTitleAlec,hospitality cashiers,211
OccTitleAlec,nursery worker,"272, 405"
OccTitleAlec,purchasing agent,162
OccTitleAlec,substance abuse counselors,045
OccTitleAlec,laundry workers,"361, 363, 369, 581, 782, 920"
OccTitleAlec,direct sales workers,291
OccTitleAlec,construction equipment dealer,274
OccTitleAlec,food and beverage managers,187
OccTitleAlec,physical therapy assistant,076
OccTitleAlec,hospital administrator,187
OccTitleAlec,construction electrician,"824, 829"
OccTitleAlec,bowling pin machine mechanics,638
OccTitleAlec,swimming instructor,153
OccTitleAlec,tire changers/repairers,915
OccTitleAlec,highway inspector,182
OccTitleAlec,manufacturing engineer,012
OccTitleAlec,advertising account executives,"141, 164"
OccTitleAlec,bank teller,211
OccTitleAlec,adult education worker,099
OccTitleAlec,tobacco industry worker,"520–523, 529, 790, 920"
OccTitleAlec,school media specialist,099–100
OccTitleAlec,real estate appraiser,191
OccTitleAlec,bank officers,186
OccTitleAlec,all-round machinist,600
OccTitleAlec,network administrators,"033, 185"
OccTitleAlec,glaziers,865
OccTitleAlec,state police officer,375
OccTitleAlec,detective,"372, 375–376"
OccTitleAlec,inhalation therapists,079
OccTitleAlec,jewelers,"199, 700, 770"
OccTitleAlec,hotel houseworkers,"321, 323"
OccTitleAlec,airline ticket agent,238
OccTitleAlec,boiler tender,950–951
OccTitleAlec,museum worker,"100, 102, 353"
OccTitleAlec,car wash worker,915
OccTitleAlec,school media specialists,099–100
OccTitleAlec,industrial designers,142
OccTitleAlec,cafeteria attendants,"311, 319"
OccTitleAlec,restaurant stewards,310
OccTitleAlec,flight instructors,"097, 196"
OccTitleAlec,art director,141
OccTitleAlec,computer network technician,033
OccTitleAlec,landscape architects,001
OccTitleAlec,cruise director,187
OccTitleAlec,fish culture technicians,446
OccTitleAlec,gardeners and groundskeepers,"301, 406"
OccTitleAlec,economist,050
OccTitleAlec,mining technicians,"007, 010–011, 018"
OccTitleAlec,highway contractor,182
OccTitleAlec,judges,111
OccTitleAlec,construction millwright,638
OccTitleAlec,business machine operators,"207–208, 210, 215–217"
OccTitleAlec,producer,"159, 187, 962"
OccTitleAlec,speech pathologists and audiologist,076
OccTitleAlec,sanitarian,079
OccTitleAlec,retail buyers,162
OccTitleAlec,livestock farmer,410
OccTitleAlec,police officer,"375, 377"
OccTitleAlec,fisher,"441–442, 446"
OccTitleAlec,commercial artists,"017, 141, 970"
OccTitleAlec,geologist,024
OccTitleAlec,cardiac-monitor technicians/perfusionists,078
OccTitleAlec,taxi drivers,913
OccTitleAlec,vocational education teacher,097
OccTitleAlec,construction equipment mechanics,"620, 625"
OccTitleAlec,outplacement consultant,199
OccTitleAlec,power truck operators,929
OccTitleAlec,secretaries,201
OccTitleAlec,singers,152
OccTitleAlec,credit official,"168, 186"
OccTitleAlec,drafters,"001–003, 005, 007, 014, 017"
OccTitleAlec,nuclear technicians,"015, 199, 952, 955"
OccTitleAlec,public health educator,079
OccTitleAlec,psychiatrist,070
OccTitleAlec,dietetic technicians,077
OccTitleAlec,religious vocations,120
OccTitleAlec,hydraulic maintenance technicians,638
OccTitleAlec,small business owner,185
OccTitleAlec,internal revenue service workers,"110, 160, 168, 188"
OccTitleAlec,home health aide,354
OccTitleAlec,telephone central office technicians,822
OccTitleAlec,computer operators,213
OccTitleAlec,fitness instructor,153
OccTitleAlec,college teachers,"090, 099"
OccTitleAlec,wedding consultants,299
OccTitleAlec,receptionist,237
OccTitleAlec,composite technicians,701
OccTitleAlec,automotive exhaust emissions technician,"010, 620"
OccTitleAlec,tax preparers,219
OccTitleAlec,industrial engineer,012
OccTitleAlec,entomologists,041
OccTitleAlec,telephone central office supervisor,822
OccTitleAlec,operating room technician,079
OccTitleAlec,artist,"141, 144"
OccTitleAlec,pharmacologists,"041, 073"
OccTitleAlec,government inspectors and examiner,168
OccTitleAlec,shipping and receiving clerks,222
OccTitleAlec,keypunch operators,203
OccTitleAlec,railroad engineers,910
OccTitleAlec,bank clerks,"203, 209–210, 214–217, 219, 249"
OccTitleAlec,window cleaners,389
OccTitleAlec,personal shoppers,296
OccTitleAlec,emergency medical technicians,079
OccTitleAlec,federal government workers,"168, 188, 375"
OccTitleAlec,environmental technicians,"029, 955"
OccTitleAlec,archaeologist,055
OccTitleAlec,instrument makers,"600, 729–730"
OccTitleAlec,public relations workers,165
OccTitleAlec,agricultural supply sales workers,272
OccTitleAlec,wood scientists and technologist,040
OccTitleAlec,air conditioning engineers,007
OccTitleAlec,secretarie,201
OccTitleAlec,union business agents,187
OccTitleAlec,correspondence clerks,209
OccTitleAlec,choreographer,962
OccTitleAlec,outplacement consultants,199
OccTitleAlec,cartoonist,141
OccTitleAlec,recreational therapists,076
OccTitleAlec,airline reservations agents,238
OccTitleAlec,petroleum engineer,010
OccTitleAlec,special service bus drivers,913
OccTitleAlec,museum curator,102
OccTitleAlec,merchant marine captains,197
OccTitleAlec,special service bus driver,913
OccTitleAlec,federal government worker,"168, 188, 375"
OccTitleAlec,massage therapist,334
OccTitleAlec,cable television engineers,184
OccTitleAlec,building inspector,182
OccTitleAlec,railroad conductors,"198, 910"
OccTitleAlec,diver,"349, 899"
OccTitleAlec,messenger service worker,239
OccTitleAlec,political scientist,051
OccTitleAlec,travel agents,252
OccTitleAlec,technical writers,131
OccTitleAlec,genetic engineering research assistant,"078, 109, 199"
OccTitleAlec,embalmers,338
OccTitleAlec,motorcycle mechanics,620
OccTitleAlec,anatomists,041
OccTitleAlec,import and export worker,"162–163, 184–185"
OccTitleAlec,petroleum and natural gas exploration and production worker,"010, 541, 869, 914, 930–931"
OccTitleAlec,vocational counselors,"045, 166"
OccTitleAlec,airport utility workers,912
OccTitleAlec,school counselor,045
OccTitleAlec,"travel agents, incentive",252
OccTitleAlec,air traffic controllers,193
OccTitleAlec,amusement and recreation attendants,"342, 349"
OccTitleAlec,telephone service representative,239
OccTitleAlec,dialysis technician,078
OccTitleAlec,tobacco industry workers,"520–523, 529, 790, 920"
OccTitleAlec,shoe repairer,365
OccTitleAlec,casino worker,187
OccTitleAlec,cartographer,"018, 029"
OccTitleAlec,fiction writers,131
OccTitleAlec,criminologist,054
OccTitleAlec,marketing research worker,"045, 050, 189"
OccTitleAlec,adult education workers,099
OccTitleAlec,microwave engineer,003
OccTitleAlec,environmentalists,029
OccTitleAlec,all-round machinists,600
OccTitleAlec,internal revenue service worker,"110, 160, 168, 188"
OccTitleAlec,merchant marine stewards and cook,"315, 350"
OccTitleAlec,psychiatric aides/technician,079
OccTitleAlec,civil engineers,005
OccTitleAlec,copy editors,132
OccTitleAlec,historians,052
OccTitleAlec,product managers,141
OccTitleAlec,crop scientists,040
OccTitleAlec,personal service worker,359
OccTitleAlec,cashiers,211
OccTitleAlec,cosmetologist,332
OccTitleAlec,elementary and preschool teachers,"092, 099"
OccTitleAlec,software trainer,"018, 020"
OccTitleAlec,air conditioning engineer,007
OccTitleAlec,aerospace engineers,002
OccTitleAlec,executive search recruiter,166
OccTitleAlec,psychologists,045
OccTitleAlec,agricultural engineers,013
OccTitleAlec,probation officers,195
OccTitleAlec,movers,323
OccTitleAlec,theater managers,187
OccTitleAlec,highway engineer,005
OccTitleAlec,party planner,359
OccTitleAlec,metallurgical engineer,011
OccTitleAlec,route delivery worker,292
OccTitleAlec,highway maintenance workers,899
OccTitleAlec,electrologist,339
OccTitleAlec,literary and theatrical agent,191
OccTitleAlec,art directors,141
OccTitleAlec,pharmacist,074
OccTitleAlec,outdoor guides,353
OccTitleAlec,display workers,298
OccTitleAlec,cad specialists,"003, 141"
OccTitleAlec,electrical engineer,003
OccTitleAlec,admitting clerk,205
OccTitleAlec,local truck driver,905–906
OccTitleAlec,assemblers,"700–703, 706, 720–729, 806, 820–82893197C"
OccTitleAlec,school counselors,045
OccTitleAlec,ergonomists,"012, 019, 161"
OccTitleAlec,traffic managers,184
OccTitleAlec,gas station attendants,915
OccTitleAlec,nursery workers,"272, 405"
OccTitleAlec,supermarket worker,"211, 290, 299, 316, 920"
OccTitleAlec,surgeons,070
OccTitleAlec,credit collector,241
OccTitleAlec,registered nurse,075
OccTitleAlec,outdoor guide,353
OccTitleAlec,dancer,151
OccTitleAlec,welders,"810–812, 819"
OccTitleAlec,personnel administrator,166
OccTitleAlec,inhalation therapist,079
OccTitleAlec,production supervisor,"183, 529, 539, 559, 653, 699"
OccTitleAlec,nurse–midwives,075
OccTitleAlec,pharmacists,074
OccTitleAlec,investment banker,020
OccTitleAlec,geophysicist,024
OccTitleAlec,religious vocation,120
OccTitleAlec,production designer,"141–142, 333, 962"
OccTitleAlec,food broker,260
OccTitleAlec,roofer,"804, 866"
OccTitleAlec,bookbinder,"653, 977"
OccTitleAlec,meteorologists,025
OccTitleAlec,meeting planner,215
OccTitleAlec,ocean technicians,"024, 041"
OccTitleAlec,grain farmers,401
OccTitleAlec,meteorologist,025
OccTitleAlec,recycling and reclamation workers,"512, 515"
OccTitleAlec,tow truck operators,919
OccTitleAlec,massage therapists,334
OccTitleAlec,nuclear engineer,015
OccTitleAlec,power plant worker,"950, 952"
OccTitleAlec,internet entrepreneurs,"030, 141, 979"
OccTitleAlec,elevator constructors and repair worker,825
OccTitleAlec,office manager,186
OccTitleAlec,railroad brakers,910
OccTitleAlec,systems engineer,020
OccTitleAlec,microbiologists,"041, 078"
OccTitleAlec,licensed practical nurses,079
OccTitleAlec,custom tailors and dressmakers,785
OccTitleAlec,lumber mill workers,"455, 665, 667, 921"
OccTitleAlec,specification writer,019
OccTitleAlec,nurse's aides and orderlies,355
OccTitleAlec,medical assistants,079
OccTitleAlec,school administrator,099
OccTitleAlec,firefighters,373
OccTitleAlec,computer artist,141
OccTitleAlec,ophthalmologist,070
OccTitleAlec,nurse's aides and orderlie,355
OccTitleAlec,shorthand reporters,202
OccTitleAlec,controller,186
OccTitleAlec,oceanographer,"024, 041"
OccTitleAlec,craftspeopl,"700, 774, 979"
OccTitleAlec,vocational education teachers,097
OccTitleAlec,claim examiner,"168, 241"
OccTitleAlec,wood scientists and technologists,040
OccTitleAlec,speech pathologists and audiologists,076
OccTitleAlec,medical assistant,079
OccTitleAlec,retail store sales worker,"260–262, 270, 277, 279, 290"
OccTitleAlec,ticket taker,344
OccTitleAlec,internet entrepreneur,"030, 141, 979"
OccTitleAlec,merchant marine engineers and chief engineers,197
OccTitleAlec,physical therapist,076
OccTitleAlec,mail clerks,209
OccTitleAlec,short order cook,313
OccTitleAlec,rigger,869
OccTitleAlec,personal exercise instructors,359
OccTitleAlec,operations research analyst,020
OccTitleAlec,surveyors,018
OccTitleAlec,diesel mechanics,625
OccTitleAlec,rehabilitation counselors,045
OccTitleAlec,hotel desk clerk,238
OccTitleAlec,recreation workers,"076, 159, 187, 195"
OccTitleAlec,stock clerks,"209, 219, 222, 299"
OccTitleAlec,electromechanical technicians,003
OccTitleAlec,statistician,020
OccTitleAlec,wireless communications technicians,"823, 828"
OccTitleAlec,vegetable farmer,"401–402, 404"
OccTitleAlec,industrial hygienists,"012, 079"
OccTitleAlec,trade show manager,163
OccTitleAlec,maintenance electrician,"824, 829"
OccTitleAlec,floral designer,142
OccTitleAlec,occupational therapy assistants,076
OccTitleAlec,floral designers,142
OccTitleAlec,sales demonstrators,297
OccTitleAlec,college student personnel workers,"090, 166"
OccTitleAlec,physicians,070
OccTitleAlec,environmental health specialists,029
OccTitleAlec,numerical control machine operator,609
OccTitleAlec,power truck operator,929
OccTitleAlec,pantry supervisor,318
OccTitleAlec,operating room technicians,079
OccTitleAlec,geologists,024
OccTitleAlec,locksmith,709
OccTitleAlec,architectural model makers,777
OccTitleAlec,secondary school teachers,"091, 099"
OccTitleAlec,cartographers,"018, 029"
OccTitleAlec,boilermaking workers,"601, 805"
OccTitleAlec,highway engineers,005
OccTitleAlec,bookkeepers,"210, 216"
OccTitleAlec,restaurant manager,187
OccTitleAlec,cad specialist,"003, 141"
OccTitleAlec,bookkeeper,"210, 216"
OccTitleAlec,power plant workers,"950, 952"
OccTitleAlec,bricklayer,861
OccTitleAlec,statistical clerks,215–216
OccTitleAlec,underwriters,"169, 186"
OccTitleAlec,auto body repairers,"807, 845"
OccTitleAlec,sociologist,054
OccTitleAlec,telephone line workers and cable splicers,"822, 829"
OccTitleAlec,city managers,188
OccTitleAlec,substance abuse counselor,045
OccTitleAlec,actuaries,020
OccTitleAlec,scriptwriters,131
OccTitleAlec,e-commerce project manager,"033, 185"
OccTitleAlec,shipping and receiving clerk,222
OccTitleAlec,medical laboratory worker,078
OccTitleAlec,craftspeople,"700, 774, 979"
OccTitleAlec,pharmaceutical technician,074
OccTitleAlec,dietetic technician,077
OccTitleAlec,optometrists,079
OccTitleAlec,cooks and chefs,"313, 315"
OccTitleAlec,chemical technicians,"008, 022"
OccTitleAlec,web designer,"018, 020"
OccTitleAlec,diesel mechanic,625
OccTitleAlec,lawyers,110–111
OccTitleAlec,biochemist,041
OccTitleAlec,systems analysts,"012, 020, 030, 161"
OccTitleAlec,ceramic engineer,006
OccTitleAlec,industrial upholsterer,"780, 869"
OccTitleAlec,floor covering installer,864
OccTitleAlec,companion,309
OccTitleAlec,director,"150, 159"
OccTitleAlec,hotel executive housekeepers,187
OccTitleAlec,property/facilities managers,186
OccTitleAlec,producers,"159, 187, 962"
OccTitleAlec,forester,"005, 040, 452"
OccTitleAlec,pharmacologist,"041, 073"
OccTitleAlec,intercity bus drivers,913
OccTitleAlec,financial analyst,020
OccTitleAlec,advertising account executive,"141, 164"
OccTitleAlec,mining engineers,010
OccTitleAlec,roofers,"804, 866"
OccTitleAlec,psychiatrists,070
OccTitleAlec,business and family consumer scientist,"090–092, 096"
OccTitleAlec,merchant marine radio officers,193
OccTitleAlec,distribution managers,163
OccTitleAlec,food canning and freezing workers,"520–526, 529"
OccTitleAlec,athletic coaches,153
OccTitleAlec,reprographic workers,976
OccTitleAlec,"cotton, tobacco, and peanut farmers",404
OccTitleAlec,dental and medical secretaries,201
OccTitleAlec,gunsmith,632
OccTitleAlec,forestry technicians,"451–455, 459"
OccTitleAlec,airline ticket agents,238
OccTitleAlec,manufactured home assemblers and installer,869
OccTitleAlec,merchant marine engineers and chief engineer,197
OccTitleAlec,parking analysts,199
OccTitleAlec,auditor,160
OccTitleAlec,welder,"810–812, 819"
OccTitleAlec,model,"297, 961"
OccTitleAlec,physician assistant,079
OccTitleAlec,mining engineer,010
OccTitleAlec,small animal breeders,410
OccTitleAlec,drywall installers and finishers,842
OccTitleAlec,building inspectors,182
OccTitleAlec,construction equipment dealers,274
OccTitleAlec,photographer,143
OccTitleAlec,highway contractors,182
OccTitleAlec,nuclear medicine technologists,078
OccTitleAlec,agricultural technicians,"013, 162, 272, 523"
OccTitleAlec,dancers,151
OccTitleAlec,photo researcher,199
OccTitleAlec,graphic designers,141
OccTitleAlec,interior designers,142
OccTitleAlec,bank tellers,211
OccTitleAlec,restaurant hosts and hostesse,310
OccTitleAlec,technical support specialists,"018, 020, 033"
OccTitleAlec,heavy construction contractors,182
OccTitleAlec,cardiology technologist,078
OccTitleAlec,magazine editors,132
OccTitleAlec,biologist,041
OccTitleAlec,farm office workers,421
OccTitleAlec,merchant marine stewards and cooks,"315, 350"
OccTitleAlec,choreographers,962
OccTitleAlec,book editors,132
OccTitleAlec,range manager,040
OccTitleAlec,swimming pool servicer,"891, 869"
OccTitleAlec,management information systems (mis) professionals,"161, 169"
OccTitleAlec,hydraulic maintenance technician,638
OccTitleAlec,hospice workers,355
OccTitleAlec,local truck drivers,905–906
OccTitleAlec,caterers,"187, 319"
OccTitleAlec,petroleum and natural gas exploration and production workers,"010, 541, 869, 914, 930–931"
OccTitleAlec,jeweler,"199, 700, 770"
OccTitleAlec,railroad braker,910
OccTitleAlec,ceramic engineers,006
OccTitleAlec,fleet managers,915
OccTitleAlec,business machine operator,"207–208, 210, 215–217"
OccTitleAlec,oceanographers,"024, 041"
OccTitleAlec,botanists,041
OccTitleAlec,manufacturers' sales workers,"260–262, 269–277, 279"
OccTitleAlec,logger,"454–455, 921–922, 929"
OccTitleAlec,travel agent,252
OccTitleAlec,pharmaceutical technicians,074
OccTitleAlec,psychiatric aides/technicians,079
OccTitleAlec,automotive mechanics,620
OccTitleAlec,wireless communications technician,"823, 828"
OccTitleAlec,agricultural supply sales worker,272
OccTitleAlec,laundry worker,"361, 363, 369, 581, 782, 920"
OccTitleAlec,radio and television newscaster,159
OccTitleAlec,biologists,041
OccTitleAlec,safety engineers,"010, 012, 168"
OccTitleAlec,civil engineering technician,005
OccTitleAlec,sociologists,054
OccTitleAlec,brokerage clerk,219
OccTitleAlec,bookbinders,"653, 977"
OccTitleAlec,administrative assistant,169
OccTitleAlec,home caterers,"187, 319"
OccTitleAlec,auctioneers,294
OccTitleAlec,judge,111
OccTitleAlec,supermarket workers,"211, 290, 299, 316, 920"
OccTitleAlec,construction supervisors,182
OccTitleAlec,marina worker,911
OccTitleAlec,consumer credit counselors,"160, 205, 241, 249"
OccTitleAlec,mechanical engineers,007
OccTitleAlec,dietitians and nutritionist,"077, 096"
OccTitleAlec,plumbers and pipe fitter,862
OccTitleAlec,medical physicists,079
OccTitleAlec,optician,"299, 713, 716"
OccTitleAlec,equestrian worker,"159, 410, 418–419"
OccTitleAlec,short order cooks,313
OccTitleAlec,geographers,029
OccTitleAlec,locksmiths,709
OccTitleAlec,textile designers,142
OccTitleAlec,newspaper editors,132
OccTitleAlec,controllers,186
OccTitleAlec,transportation engineer,005
OccTitleAlec,local transit operators,"910, 913"
OccTitleAlec,journalist,131–132
OccTitleAlec,webmaster,"018, 020, 185"
OccTitleAlec,housekeeper,301
OccTitleAlec,electroneurodiagnostic technologist,078
OccTitleAlec,flight engineer,621
OccTitleAlec,purchasing agents,162
OccTitleAlec,coal miners,"930–934, 939"
OccTitleAlec,art and music therapist,195
OccTitleAlec,electromechanical technician,003
OccTitleAlec,dental laboratory technicians,712
OccTitleAlec,composer,152
OccTitleAlec,medical record administrators,079
OccTitleAlec,scriptwriter,131
OccTitleAlec,auto body repairer,"807, 845"
OccTitleAlec,truck and bus dispatcher,"249, 913"
OccTitleAlec,marina workers,911
OccTitleAlec,personnel clerks,166
OccTitleAlec,bicycle repairer,639
OccTitleAlec,college/university administrators,090
OccTitleAlec,astronomer,021
OccTitleAlec,refuse worker,"909, 955"
OccTitleAlec,claim adjusters,241
OccTitleAlec,fluid power technicians,"007, 600"
OccTitleAlec,nurse anesthetist,075
OccTitleAlec,stonemasons,861
OccTitleAlec,long-haul truck drivers,905
OccTitleAlec,forest products technician,"260, 560–561, 563–564, 569"
OccTitleAlec,dental assistants,079
OccTitleAlec,file clerk,206
OccTitleAlec,composers,152
OccTitleAlec,corrections officers,372
OccTitleAlec,ground radio operators and teletypists,193
OccTitleAlec,office managers,186
OccTitleAlec,elementary and preschool teacher,"092, 099"
OccTitleAlec,geophysicists,024
OccTitleAlec,biological technician,"049, 078, 199"
OccTitleAlec,stagehand,962
OccTitleAlec,expediters,221–222
OccTitleAlec,companions,309
OccTitleAlec,fleet manager,915
OccTitleAlec,resume writer,199
OccTitleAlec,secondary school teacher,"091, 099"
OccTitleAlec,architectural model maker,777
OccTitleAlec,warehouse workers,"222, 921–922, 929"
OccTitleAlec,property/facilities manager,186
OccTitleAlec,information marketing specialist,299
OccTitleAlec,geriatric aides,355
OccTitleAlec,biological technicians,"049, 078, 199"
OccTitleAlec,ordinary and able seamen,911
OccTitleAlec,restaurant hosts and hostesses,310
OccTitleAlec,auto parts counter workers,"279, 620"
OccTitleAlec,mechanical engineering technician,007
OccTitleAlec,merchant marine pursers,197
OccTitleAlec,"candy, soft drink, and ice cream manufacturing workers","520–524, 526, 529"
OccTitleAlec,building custodian,381–382
OccTitleAlec,office machine servicer,633
OccTitleAlec,robotics technician,"166, 606, 609, 638"
OccTitleAlec,media buyer,162
OccTitleAlec,vending machine route worker,292
OccTitleAlec,hotel managers,187
OccTitleAlec,medical illustrator,141
OccTitleAlec,semiconductor processor,590
OccTitleAlec,microwave engineers,003
OccTitleAlec,homemaker,301–309
OccTitleAlec,soil scientist,040
OccTitleAlec,compensation specialists,166
OccTitleAlec,licensed practical nurse,079
OccTitleAlec,park rangers,169
OccTitleAlec,consumer credit counselor,"160, 205, 241, 249"
OccTitleAlec,emergency medical technician,079
OccTitleAlec,webmasters,"018, 020, 185"
OccTitleAlec,warehouse worker,"222, 921–922, 929"
OccTitleAlec,comparison shopper,296
OccTitleAlec,pest control workers,"383, 389"
OccTitleAlec,translators and interpreters,137
OccTitleAlec,automotive exhaust emissions technicians,"010, 620"
OccTitleAlec,railroad maintenance workers,"610, 622, 804–805, 824"
OccTitleAlec,child monitor,"099, 301"
OccTitleAlec,estimator,169
OccTitleAlec,"candy, soft drink, and ice cream manufacturing worker","520–524, 526, 529"
OccTitleAlec,flight instructor,"097, 196"
OccTitleAlec,fishers,"441–442, 446"
OccTitleAlec,special librarian,100
OccTitleAlec,landscape architect,001
OccTitleAlec,mining technician,"007, 010–011, 018"
OccTitleAlec,pest control worker,"383, 389"
OccTitleAlec,book editor,132
OccTitleAlec,nannies,099
OccTitleAlec,public relations manager,165
OccTitleAlec,personnel clerk,166
OccTitleAlec,labor relations specialists,166
OccTitleAlec,organizational developers,"012, 161, 166, 189, 199"
OccTitleAlec,"marble, tile, and terrazzo workers",861
OccTitleAlec,copy editor,132
OccTitleAlec,bricklayers,861
OccTitleAlec,airline flight attendant,352
OccTitleAlec,comparison shoppers,296
OccTitleAlec,foreign service workers,188
OccTitleAlec,chemists,022
OccTitleAlec,specification writers,019
OccTitleAlec,dental laboratory technician,712
OccTitleAlec,newspaper editor,132
OccTitleAlec,lighting technician,962
OccTitleAlec,artists,"141, 144"
OccTitleAlec,employee benefits manager,166
OccTitleAlec,water resource engineers,954
OccTitleAlec,electric power transmission and distribution worker,"821, 829, 952"
OccTitleAlec,telephone operators,235
OccTitleAlec,sanitarians,079
OccTitleAlec,aircraft mechanics,"621, 806"
OccTitleAlec,doorkeepers,324
OccTitleAlec,railroad clerk,"211, 221–222"
OccTitleAlec,manufacturing engineers,012
OccTitleAlec,legal secretaries,201
OccTitleAlec,employee benefits managers,166
OccTitleAlec,data processing managers,169
OccTitleAlec,firefighter,373
OccTitleAlec,web designers,"018, 020"
OccTitleAlec,cement mason,"844, 869"
OccTitleAlec,air pollution control technician,029
OccTitleAlec,direct market brokers,259
OccTitleAlec,physicist,023
OccTitleAlec,gas station attendant,915
OccTitleAlec,electrical technician,"003, 168"
OccTitleAlec,optometric assistants,079
OccTitleAlec,quality control inspectors,"529, 579, 649, 652, 701, 725–726"
OccTitleAlec,physician assistants,079
OccTitleAlec,menu planner,077
OccTitleAlec,computer operator,213
OccTitleAlec,amusement and recreation attendant,"342, 349"
OccTitleAlec,meter readers,209
OccTitleAlec,executive search recruiters,166
OccTitleAlec,equestrian workers,"159, 410, 418–419"
OccTitleAlec,funeral director,"187, 338"
OccTitleAlec,mail clerk,209
OccTitleAlec,social director,352
OccTitleAlec,farm laborer,421
OccTitleAlec,window cleaner,389
OccTitleAlec,singer,152
OccTitleAlec,metallurgical engineers,011
OccTitleAlec,aids counselor,195
OccTitleAlec,real estate sales workers and brokers,250
OccTitleAlec,housekeepers,301
OccTitleAlec,merchant marine purser,197
OccTitleAlec,import and export workers,"162–163, 184–185"
OccTitleAlec,lifeguard,379
OccTitleAlec,fitness instructors,153
OccTitleAlec,chiropractor,079
OccTitleAlec,occupational therapist,076
OccTitleAlec,store manager,185
OccTitleAlec,acupuncturists,079
OccTitleAlec,advertising copywriters,131
OccTitleAlec,demolition worker,"859, 869"
OccTitleAlec,door-to-door sales worker,"279, 291–292, 299"
OccTitleAlec,industrial designer,142
OccTitleAlec,vegetable farmers,"401–402, 404"
OccTitleAlec,orthoptists,079
OccTitleAlec,"air conditioning, heating, and refrigeration mechanic","637, 827, 862"
OccTitleAlec,stonemason,861
OccTitleAlec,hazardous waste management technician,955
OccTitleAlec,doorkeeper,324
OccTitleAlec,management consultant analysts,"161, 189, 199"
OccTitleAlec,ward clerk,245
OccTitleAlec,stadium workers,"211, 291, 311, 344, 372"
OccTitleAlec,horticulturist,040
OccTitleAlec,electroneurodiagnostic technologists,078
OccTitleAlec,tool and die maker,601
OccTitleAlec,telephone central office technician,822
OccTitleAlec,hospice worker,355
OccTitleAlec,office planner,"003, 012, 019, 142"
OccTitleAlec,cooperative extension service worker,096
OccTitleAlec,chauffeurs,"359, 913"
OccTitleAlec,stationary engineers,950
OccTitleAlec,solar energy technicians,"003, 637"
OccTitleAlec,city manager,188
OccTitleAlec,airline flight attendants,352
OccTitleAlec,custom upholsterers,780
OccTitleAlec,airplane pilot,196
OccTitleAlec,professional athletes,153
OccTitleAlec,border patrol agent,375
OccTitleAlec,traffic engineers,005
OccTitleAlec,mover,323
OccTitleAlec,institutional child care worker,359
OccTitleAlec,environmental technician,"029, 955"
OccTitleAlec,instrument repairer,"710, 729, 823"
OccTitleAlec,pathologists,"041, 070, 073"
OccTitleAlec,airline dispatchers,912
OccTitleAlec,pharmaceutical detail representative,262
OccTitleAlec,anesthesiologist,070
OccTitleAlec,directors,"150, 159"
OccTitleAlec,actor,150
OccTitleAlec,foreign service worker,188
OccTitleAlec,fish culture technician,446
OccTitleAlec,actors,150
OccTitleAlec,parole officers,195
OccTitleAlec,entomologist,041
OccTitleAlec,optometrist,079
OccTitleAlec,nurse anesthetists,075
OccTitleAlec,college student personnel worker,"090, 166"
OccTitleAlec,telecommunications specialists,253
OccTitleAlec,chemist,022
OccTitleAlec,sales demonstrator,297
OccTitleAlec,proofreader,209
OccTitleAlec,highway inspectors,182
OccTitleAlec,media buyers,162
OccTitleAlec,"production, planning, and expediting clerk","012, 221–222"
OccTitleAlec,divorce mediators,169
OccTitleAlec,models,"297, 961"
OccTitleAlec,head waiters and waitresse,311
OccTitleAlec,cartoonists,141
OccTitleAlec,metal miners,"930–934, 939"
OccTitleAlec,optometric assistant,079
OccTitleAlec,carpenter,860
OccTitleAlec,real estate developers,189
OccTitleAlec,anatomist,041
OccTitleAlec,manufactured home assemblers and installers,869
OccTitleAlec,aircraft mechanic,"621, 806"
OccTitleAlec,quality assurance technician,033
OccTitleAlec,tow truck operator,919
OccTitleAlec,taxi driver,913
OccTitleAlec,marine engineers and naval architect,"001, 014"
OccTitleAlec,data processing manager,169
OccTitleAlec,small animal breeder,410
OccTitleAlec,chemical technician,"008, 022"
OccTitleAlec,armed services career,"101, 166, 235, 378, 620, 623, 639, 829, 911–912"
OccTitleAlec,forensic scientists,059
OccTitleAlec,airplane pilots,196
OccTitleAlec,school librarians,100
OccTitleAlec,institutional child care workers,359
OccTitleAlec,social worker,195
OccTitleAlec,medical physicist,079
OccTitleAlec,telephone central office design engineer,003
OccTitleAlec,quality assurance technicia,033
OccTitleAlec,parking analyst,199
OccTitleAlec,telephone central office design engineers,003
OccTitleAlec,industrial machinery repairers,626–631
OccTitleAlec,professional athlete,153
OccTitleAlec,art and music therapists,195
OccTitleAlec,energy conservation technicians,"003, 959"
OccTitleAlec,office planners,"003, 012, 019, 142"
OccTitleAlec,family and consumer science researcher,096
OccTitleAlec,commercial artist,"017, 141, 970"
OccTitleAlec,office clerks,"203, 209"
OccTitleAlec,urban and regional planners,199
OccTitleAlec,health care administrators,187
OccTitleAlec,physical therapists,076
OccTitleAlec,darkroom technician,976
OccTitleAlec,tire changers/repairer,915
OccTitleAlec,electroplater,500
KZ-Music,bebop,Genre
KZ-Music,classical,Genre
KZ-Music,country,Genre
KZ-Music,dixieland,Genre
KZ-Music,expressionist,Genre
KZ-Music,folk,Genre
KZ-Music,gospel,Genre
KZ-Music,impressionist,Genre
KZ-Music,jazz,Genre
KZ-Music,Latin,Genre
KZ-Music,modernist,Genre
KZ-Music,neoclassical,Genre
KZ-Music,neoromantic,Genre
KZ-Music,pop,Genre
KZ-Music,popular,Genre
KZ-Music,punk,Genre
KZ-Music,R&B,Genre
KZ-Music,reggae,Genre
KZ-Music,rock,Genre
KZ-Music,rock 'n' roll,Genre
KZ-Music,romantic,Genre
KZ-Music,soul,Genre
KZ-Music,accordion,Instrument
KZ-Music,alto,Instrument
KZ-Music,baritone,Instrument
KZ-Music,baritone,Instrument
KZ-Music,bass,Instrument
KZ-Music,bassoon,Instrument
KZ-Music,bugle,Instrument
KZ-Music,celeste,Instrument
KZ-Music,cello,Instrument
KZ-Music,clarinet,Instrument
KZ-Music,coloratura,Instrument
KZ-Music,didgeridoo,Instrument
KZ-Music,double bass,Instrument
KZ-Music,drum set,Instrument
KZ-Music,electric bass,Instrument
KZ-Music,electric guitar,Instrument
KZ-Music,English horn,Instrument
KZ-Music,euphonium,Instrument
KZ-Music,fife,Instrument
KZ-Music,flute,Instrument
KZ-Music,French horn,Instrument
KZ-Music,glockenspiel,Instrument
KZ-Music,guitar,Instrument
KZ-Music,harmonica,Instrument
KZ-Music,harp,Instrument
KZ-Music,horn,Instrument
KZ-Music,hurdy-gurdy,Instrument
KZ-Music,instrument,Instrument
KZ-Music,Jew's harp,Instrument
KZ-Music,koto,Instrument
KZ-Music,lute,Instrument
KZ-Music,marimba,Instrument
KZ-Music,melodica,Instrument
KZ-Music,ney,Instrument
KZ-Music,oboe,Instrument
KZ-Music,ocarina,Instrument
KZ-Music,organ,Instrument
KZ-Music,piano,Instrument
KZ-Music,piano,Instrument
KZ-Music,piccolo,Instrument
KZ-Music,quena,Instrument
KZ-Music,ryuteki,Instrument
KZ-Music,saxophone,Instrument
KZ-Music,soprano,Instrument
KZ-Music,tenor,Instrument
KZ-Music,timpani,Instrument
KZ-Music,trombone,Instrument
KZ-Music,trumpet,Instrument
KZ-Music,tuba,Instrument
KZ-Music,ukulele,Instrument
KZ-Music,viola,Instrument
KZ-Music,violin,Instrument
KZ-Music,whistle,Instrument
KZ-Music,xylophone,Instrument
KZ-Music,yunluo,Instrument
KZ-Music,zither,Instrument
KZ-Music,[instrument] player,Adjoining Terms
KZ-Music,member of [musical group],Adjoining Terms
KZ-Music,Band,Group
KZ-Music,Choir,Group
KZ-Music,choir,Group
KZ-Music,chorus,Group
KZ-Music,duet,Group
KZ-Music,Ensemble ,Group
KZ-Music,nonet,Group
KZ-Music,octet,Group
KZ-Music,octet,Group
KZ-Music,Orchestra,Group
KZ-Music,Philharmonic,Group
KZ-Music,quartet,Group
KZ-Music,quintet,Group
KZ-Music,septet,Group
KZ-Music,sinfonietta,Group
KZ-Music,Symphony,Group
KZ-Music,trio,Group
KZ-Music,album,Forms of Music
KZ-Music,aria,Forms of Music
KZ-Music,concert,Forms of Music
KZ-Music,concerto,Forms of Music
KZ-Music,improv,Forms of Music
KZ-Music,improvisation,Forms of Music
KZ-Music,musical,Forms of Music
KZ-Music,opera,Forms of Music
KZ-Music,operetta,Forms of Music
KZ-Music,performance,Forms of Music
KZ-Music,piece,Forms of Music
KZ-Music,radio,Forms of Music
KZ-Music,recording,Forms of Music
KZ-Music,score,Forms of Music
KZ-Music,single,Forms of Music
KZ-Music,sonata,Forms of Music
KZ-Music,song,Forms of Music
KZ-Music,standard,Forms of Music
KZ-Music,track,Forms of Music
Abdulla/David isco08,co-author,[2641]
Abdulla/David isco08,founder,"[112, 1120, 1114, 2654]"
Abdulla/David isco08,detective novels,[2641]
Abdulla/David isco08,chairman of the department of theatre arts,[231]
Abdulla/David isco08,founded,"[1120, 112]"
Abdulla/David isco08,captain,[11]
Abdulla/David isco08,aqueduct patrolman,[5419]
Abdulla/David isco08,rear adm.,[11]
Abdulla/David isco08,criminal law,[2611]
Abdulla/David isco08,financial adviser,"[1211, 2413]"
Abdulla/David isco08,comic strp,[2651]
Abdulla/David isco08,teaching,[231]
Abdulla/David isco08,international corporate law,[2611]
Abdulla/David isco08,merchant,[142]
Abdulla/David isco08,adviser,[11]
Abdulla/David isco08,patrolman,[5412]
Abdulla/David isco08,diplomatic correspondent,[2642]
Abdulla/David isco08,executive editor,"[264, 2642]"
Abdulla/David isco08,psychologist,[2634]
Abdulla/David isco08,broadcasting executive,[2642]
Abdulla/David isco08,specialist in tension control,[2212]
Abdulla/David isco08,surgeon,"[2212, 221]"
Abdulla/David isco08,scholar,[231]
Abdulla/David isco08,officer on the boards,[112]
Abdulla/David isco08,democrat,[1111]
Abdulla/David isco08,stage actor,[2655]
Abdulla/David isco08,treasury secretary,"[1112, 1211]"
Abdulla/David isco08,hebraic and arabic scholar,[263]
Abdulla/David isco08,managing director,[112]
Abdulla/David isco08,preacher,[2636]
Abdulla/David isco08,general manager,[1219]
Abdulla/David isco08,senior vice president,"[1, 12]"
Abdulla/David isco08,representative,[1111]
Abdulla/David isco08,colonel,[110]
Abdulla/David isco08,ecumenism,[2636]
Abdulla/David isco08,surgeon general,[1112]
Abdulla/David isco08,dr.,"[0, 2212, 221, 262, 231]"
Abdulla/David isco08,admiral,[11]
Abdulla/David isco08,director of research,[1223]
Abdulla/David isco08,reporter,"[264, 2642]"
Abdulla/David isco08,fire marshal,[1349]
Abdulla/David isco08,drew,[2651]
Abdulla/David isco08,anthropology,[2632]
Abdulla/David isco08,reported,[2642]
Abdulla/David isco08,assembly democratic leader,[1111]
Abdulla/David isco08,teacher,"[231, 23]"
Abdulla/David isco08,publisher,[243]
Abdulla/David isco08,aide to prime minister,[1112]
Abdulla/David isco08,economics,[2631]
Abdulla/David isco08,greeting-card writers,[2641]
Abdulla/David isco08,queen mother,[1112]
Abdulla/David isco08,faculty member,[23]
Abdulla/David isco08,science administrator,[12]
Abdulla/David isco08,financial-management consultant,[2412]
Abdulla/David isco08,deputy director,[1112]
Abdulla/David isco08,corporate administration group,[12]
Abdulla/David isco08,advertising and promotion executive,[122]
Abdulla/David isco08,{brokerage},[241]
Abdulla/David isco08,minister without portfolio,[1112]
Abdulla/David isco08,composer,[2652]
Abdulla/David isco08,boxing referee,[3422]
Abdulla/David isco08,legislator,[1111]
Abdulla/David isco08,maj. gen.,[11]
Abdulla/David isco08,army,[11]
Abdulla/David isco08,book illustrator,[2651]
Abdulla/David isco08,music,[2651]
Abdulla/David isco08,iranian national front,"[1112, 1111]"
Abdulla/David isco08,commissioner,[1120]
Abdulla/David isco08,fellow,[263]
Abdulla/David isco08,conductor,[2652]
Abdulla/David isco08,pharmacologist,[226]
Abdulla/David isco08,tribal leader,[1113]
Abdulla/David isco08,chief executive officer,[1120]
Abdulla/David isco08,dermatologist,[2212]
Abdulla/David isco08,secretary of the navy,[1112]
Abdulla/David isco08,sculptor,[2651]
Abdulla/David isco08,r flew his own personal plane,[3153]
Abdulla/David isco08,chief executive officr,[1120]
Abdulla/David isco08,research professor,[231]
Abdulla/David isco08,performer,"[265, 2652]"
Abdulla/David isco08,literary critic,[2641]
Abdulla/David isco08,stockbroker,[0]
Abdulla/David isco08,deputy minister,[1111]
Abdulla/David isco08,chief executive,"[1120, 11]"
Abdulla/David isco08,drummer,[2652]
Abdulla/David isco08,administrator,"[1, 12]"
Abdulla/David isco08,designer,"[216, 2163, 2654]"
Abdulla/David isco08,investment banker,[241]
Abdulla/David isco08,faculty,[231]
Abdulla/David isco08,president,"[1120, 11, 2636, 112, 1111, 1112, 1114]"
Abdulla/David isco08,leader??,[142]
Abdulla/David isco08,sculptures,[2651]
Abdulla/David isco08,rev.,"[1120, 2636]"
Abdulla/David isco08,chief,"[1112, 1]"
Abdulla/David isco08,producer,"[12, 2654]"
Abdulla/David isco08,rabbi,"[1345, 2636]"
Abdulla/David isco08,scientist,"[2634, 21]"
Abdulla/David isco08,mayor,[2655]
Abdulla/David isco08,theologian,[2636]
Abdulla/David isco08,wrote the lyrics,[2652]
Abdulla/David isco08,international trade negotiator,[1112]
Abdulla/David isco08,civil engineer,[2142]
Abdulla/David isco08,executive vice president,"[11, 12]"
Abdulla/David isco08,manager of staff,[1212]
Abdulla/David isco08,songwriting,[2652]
Abdulla/David isco08,songwriter,[2652]
Abdulla/David isco08,prime minister,[1112]
Abdulla/David isco08,chairman of the board of directors,[1114]
Abdulla/David isco08,poet laureate,[2641]
Abdulla/David isco08,film maker,[2654]
Abdulla/David isco08,episcopal priest,[2636]
Abdulla/David isco08,sales promotion director,[1221]
Abdulla/David isco08,press agent,[1431]
Abdulla/David isco08,managing editor,[2642]
Abdulla/David isco08,books,[2641]
Abdulla/David isco08,psychology,[2634]
Abdulla/David isco08,announcer,[2656]
Abdulla/David isco08,coauthor,"[2633, 2642]"
Abdulla/David isco08,priest,"[1120, 2636]"
Abdulla/David isco08,chemical engineer,[2145]
Abdulla/David isco08,corporate[law,[2611]
Abdulla/David isco08,broadway comedies,[2655]
Abdulla/David isco08,instrumentalists,[2652]
Abdulla/David isco08,editor in chief,[2642]
Abdulla/David isco08,show-business,[2655]
Abdulla/David isco08,sports betting consultant,"[12, 1222, 1223]"
Abdulla/David isco08,producing director,[2654]
Abdulla/David isco08,directcd,[2652]
Abdulla/David isco08,widow,[0]
Abdulla/David isco08,major,[12]
Abdulla/David isco08,playwright,[2641]
Abdulla/David isco08,chairman of the board,[112]
Abdulla/David isco08,owner,[1120]
Abdulla/David isco08,hall of fame,[3421]
Abdulla/David isco08,ballet master,[2653]
Abdulla/David isco08,health officer,[2263]
Abdulla/David isco08,engineer,"[21, 214]"
Abdulla/David isco08,law firm,[2611]
Abdulla/David isco08,interior designer,[3432]
Abdulla/David isco08,historian,[2633]
Abdulla/David isco08,theatrical press agent,[2432]
Abdulla/David isco08,american theater,[2641]
Abdulla/David isco08,sergeant,[210]
Abdulla/David isco08,associate executive director,[1114]
Abdulla/David isco08,managing partner,[2611]
Abdulla/David isco08,drama teacher,[2355]
Abdulla/David isco08,chief clerk in the office of the sheriff,[12]
Abdulla/David isco08,member of parliament,[1111]
Abdulla/David isco08,cartoonist,[2651]
Abdulla/David isco08,first lieutenant,[110]
Abdulla/David isco08,anthropologist,[2632]
Abdulla/David isco08,clinical professor,[231]
Abdulla/David isco08,assistant editor,[2641]
Abdulla/David isco08,lawyer,[2611]
Abdulla/David isco08,scenic and costume designer,[2163]
Abdulla/David isco08,comedian,[2655]
Abdulla/David isco08,chairman of the department,[231]
Abdulla/David isco08,ballerina,[2653]
Abdulla/David isco08,maj.,[1]
Abdulla/David isco08,railway consultant,[0]
Abdulla/David isco08,chairman,"[1120, 1, 263, 1345, 11, 112, 1112]"
Abdulla/David isco08,deciphering,[2632]
Abdulla/David isco08,bureau chief,[2642]
Abdulla/David isco08,lecturer,[2310]
Abdulla/David isco08,show manager,[1431]
Abdulla/David isco08,television documentary producer,[2654]
Abdulla/David isco08,pediatric allergis,[2212]
Abdulla/David isco08,deputy labor leader,[1111]
Abdulla/David isco08,leading executive,[1]
Abdulla/David isco08,professor,"[2310, 231]"
Abdulla/David isco08,vice chairman,"[112, 1120]"
Abdulla/David isco08,businessman,[0]
Abdulla/David isco08,clinician,[221]
Abdulla/David isco08,electronics engineer,[2152]
Abdulla/David isco08,real-estate agent,[3334]
Abdulla/David isco08,art director,[2654]
Abdulla/David isco08,industrialist,[12]
Abdulla/David isco08,rector,[1345]
Abdulla/David isco08,economist,[2631]
Abdulla/David isco08,principal,[1345]
Abdulla/David isco08,physical education instructor,[3422]
Abdulla/David isco08,epidemiologist,[2269]
Abdulla/David isco08,justice,[2612]
Abdulla/David isco08,arms control negotiator,"[1112, 1345]"
Abdulla/David isco08,writer,[2641]
Abdulla/David isco08,police officer,[5412]
Abdulla/David isco08,geologist,[2114]
Abdulla/David isco08,vice adm.,[11]
Abdulla/David isco08,singing coach,[2652]
Abdulla/David isco08,"active in community, educational and civic affais",[]
Abdulla/David isco08,corporate and estate law,[2611]
Abdulla/David isco08,psychiatrist,"[0, 2212]"
Abdulla/David isco08,jazz,[2652]
Abdulla/David isco08,counsel,[2611]
Abdulla/David isco08,ophthalmology,[2212]
Abdulla/David isco08,piccolo player,[2652]
Abdulla/David isco08,dr,"[263, 2212, 221, 262, 231]"
Abdulla/David isco08,chief electronics engineer,[2152]
Abdulla/David isco08,artist,"[2651, 3421, 1111]"
Abdulla/David isco08,accompanist,[2652]
Abdulla/David isco08,cofounder,[112]
Abdulla/David isco08,expert on talmudic law,"[1345, 2636]"
Abdulla/David isco08,secretary,[1219]
Abdulla/David isco08,choreographer,[2653]
Abdulla/David isco08,xx: producer,[2654]
Abdulla/David isco08,associate dean,[1345]
Abdulla/David isco08,baritone,[2652]
Abdulla/David isco08,manager of the design automation systems group,[12]
Abdulla/David isco08,cellist,[2652]
Abdulla/David isco08,new york medical college,"[2212, 231]"
Abdulla/David isco08,laboratory technician,[311]
Abdulla/David isco08,physicist,[2111]
Abdulla/David isco08,executive director,"[1112, 112, 1210, 1114, 1120]"
Abdulla/David isco08,legal department,[2611]
Abdulla/David isco08,columnist,[2642]
Abdulla/David isco08,radio engineer,[2153]
Abdulla/David isco08,flutist,[2652]
Abdulla/David isco08,lyricist,[2652]
Abdulla/David isco08,staff photographer,[3431]
Abdulla/David isco08,dancer,[2653]
Abdulla/David isco08,biographer,[2641]
Abdulla/David isco08,psychoanalyst,[2212]
Abdulla/David isco08,press photographer,[3431]
Abdulla/David isco08,playwrights,[2641]
Abdulla/David isco08,cancer researcher,[21]
Abdulla/David isco08,librettist,[2652]
Abdulla/David isco08,member of board,[1120]
Abdulla/David isco08,poet,"[265, 2641]"
Abdulla/David isco08,mountaineers,[3421]
Abdulla/David isco08,minister,"[1112, 1111]"
Abdulla/David isco08,aviation,[3153]
Abdulla/David isco08,instructor,[23]
Abdulla/David isco08,prof.,[231]
Abdulla/David isco08,painter,"[2651, 231]"
Abdulla/David isco08,novel,[2641]
Abdulla/David isco08,politician,[1112]
Abdulla/David isco08,oboist,[2652]
Abdulla/David isco08,consultant,"[2, 231, 2631]"
Abdulla/David isco08,governor,"[1112, 111]"
Abdulla/David isco08,member of the board,[1114]
Abdulla/David isco08,played,[2655]
Abdulla/David isco08,commander,[11]
Abdulla/David isco08,partner,"[112, 1120, 2611, 241]"
Abdulla/David isco08,trustee,[112]
Abdulla/David isco08,dance critics,[2641]
Abdulla/David isco08,author,"[264, 2641]"
Abdulla/David isco08,sociologist,[2632]
Abdulla/David isco08,bishop,[2636]
Abdulla/David isco08,manager of international government relations,[122]
Abdulla/David isco08,football coach,[3422]
Abdulla/David isco08,mayan glyphs,[2632]
Abdulla/David isco08,diplomat,[1112]
Abdulla/David isco08,capt.,[11]
Abdulla/David isco08,director,"[1120, 1, 12, 112, 1114, 2654]"
Abdulla/David isco08,chief engineer,[13]
Abdulla/David isco08,correspondent,[2642]
Abdulla/David isco08,theater,[2654]
Abdulla/David isco08,theology,[2636]
Abdulla/David isco08,professor of drama,[231]
Abdulla/David isco08,chemistry,[2113]
Abdulla/David isco08,advertising executives,[1221]
Abdulla/David isco08,scholarship,[231]
Abdulla/David isco08,ambassador,[1112]
Abdulla/David isco08,vice president of industrial relations,[1212]
Abdulla/David isco08,art dealer,[]
Abdulla/David isco08,executive,"[11, 12]"
Abdulla/David isco08,seminary teacher,[231]
Abdulla/David isco08,actress,[2655]
Abdulla/David isco08,slugger,[3421]
Abdulla/David isco08,singer's,[2652]
Abdulla/David isco08,stock-@broker,[241]
Abdulla/David isco08,army officer,[1]
Abdulla/David isco08,vaudevillian,[2655]
Abdulla/David isco08,photographer,[3431]
Abdulla/David isco08,freelance writer,[2641]
Abdulla/David isco08,roman catholic,[2636]
Abdulla/David isco08,vice president for personnel services,[1212]
Abdulla/David isco08,financial office,[1211]
Abdulla/David isco08,professor emeritus,[231]
Abdulla/David isco08,boxer,[3421]
Abdulla/David isco08,judge,[2612]
Abdulla/David isco08,stunt,[2655]
Abdulla/David isco08,theater director,[2654]
Abdulla/David isco08,journalist,[2642]
Abdulla/David isco08,corporate and tax lawyer,[261]
Abdulla/David isco08,assistant new york city health commissioner,[1342]
Abdulla/David isco08,attorney,[2611]
Abdulla/David isco08,board chairman,[1120]
Abdulla/David isco08,dean,"[1345, 12]"
Abdulla/David isco08,vice president,"[1120, 121, 12]"
Abdulla/David isco08,executive committee,[1120]
Abdulla/David isco08,assistant staff manager,[1212]
Abdulla/David isco08,novelist,[2641]
Abdulla/David isco08,yachtsman,[3421]
Abdulla/David isco08,member of the company' board of directors,[1120]
Abdulla/David isco08,archivist,[2621]
Abdulla/David isco08,general counsel,[2611]
Abdulla/David isco08,social psychologist,[2634]
Abdulla/David isco08,film producer,[2654]
Abdulla/David isco08,biology,[2131]
Abdulla/David isco08,senior partner,[2611]
Abdulla/David isco08,naval salvage expert,[7541]
Abdulla/David isco08,social historian,[2633]
Abdulla/David isco08,vice president for supervising-purchasing,[12]
Abdulla/David isco08,drama,[2641]
Abdulla/David isco08,deputy under secretary of state,[1112]
Abdulla/David isco08,elementary school teacher,[234]
Abdulla/David isco08,chief spokesman,[2432]
Abdulla/David isco08,marshal,[110]
Abdulla/David isco08,business executive,"[1, 12]"
Abdulla/David isco08,retailer,[142]
Abdulla/David isco08,son,[0]
Abdulla/David isco08,superintendent,[1345]
Abdulla/David isco08,regional director,[12]
Abdulla/David isco08,congressional district,[1111]
Abdulla/David isco08,sherpa,[3421]
Abdulla/David isco08,chief financial officr,[12]
Abdulla/David isco08,executive directo,[1120]
Abdulla/David isco08,editor,"[264, 12, 2541, 2641, 2642, 2651]"
Abdulla/David isco08,stars,[2656]
Abdulla/David isco08,narrator,[2655]
Abdulla/David isco08,pitcher,[3421]
Abdulla/David isco08,pastor,[2636]
Abdulla/David isco08,general staff,[1112]
Abdulla/David isco08,lieutenant colonel,[11]
Abdulla/David isco08,protestant,[2636]
Abdulla/David isco08,taught,[231]
Abdulla/David isco08,financial consultant,[241]
Abdulla/David isco08,impersonator,[2655]
Abdulla/David isco08,supervisor,[143]
Abdulla/David isco08,general,[11]
Abdulla/David isco08,dealer,[1420]
Abdulla/David isco08,director of basic research,[12]
Abdulla/David isco08,exec-utive director,[12]
Abdulla/David isco08,actor,[2655]
Abdulla/David isco08,advertising executive,[1222]
Abdulla/David isco08,authority on ballet,[]
Abdulla/David isco08,deputy chief fire marshal,[1349]
Abdulla/David isco08,satirist,[2655]
Abdulla/David isco08,graphic artist,"[2651, 231]"
Abdulla/David isco08,pipeline expert,[214]
Abdulla/David isco08,war and foreign correspondent,[2642]
Abdulla/David isco08,controller,[12]
Abdulla/David isco08,psychiatry,[2212]
Abdulla/David isco08,dramatist laureate,[2641]
Abdulla/David isco08,animator,[2651]
Abdulla/David naics,atlantic cruise lines,[71]
Abdulla/David naics,school of medicine,[62]
Abdulla/David naics,cooperative,[51]
Abdulla/David naics,associated press,[51]
Abdulla/David naics,grocery manufacturers trade association,[81]
Abdulla/David naics,tougaloo college,[61]
Abdulla/David naics,wertheim asset management services inc.,[52]
Abdulla/David naics,american book-stratford press inc,[51]
Abdulla/David naics,broadway play,[71]
Abdulla/David naics,broadway church of christ,[81]
Abdulla/David naics,manhattan project,[92]
Abdulla/David naics,comic strip,[71]
Abdulla/David naics,new york shakespeare festiva,[71]
Abdulla/David naics,restaurant business,[72]
Abdulla/David naics,brookdale hospital,[]
Abdulla/David naics,judaism,[71]
Abdulla/David naics,united states negro leadership conference,[81]
Abdulla/David naics,yale,[61]
Abdulla/David naics,nbc news,[51]
Abdulla/David naics,food retailing concern,[44]
Abdulla/David naics,musicals,[71]
Abdulla/David naics,cambridge university,[61]
Abdulla/David naics,greek plays,[71]
Abdulla/David naics,harvard law school,[61]
Abdulla/David naics,nbc,[51]
Abdulla/David naics,princeton university,[61]
Abdulla/David naics,merchandising,[44]
Abdulla/David naics,marketing and research company,[54]
Abdulla/David naics,graduate school of social work,[61]
Abdulla/David naics,yale university,[61]
Abdulla/David naics,new york times,[51]
Abdulla/David naics,iran,[92]
Abdulla/David naics,commercial,[51]
Abdulla/David naics,baseball,[71]
Abdulla/David naics,church of england,"[813, 61]"
Abdulla/David naics,w. r. grace & company,[33]
Abdulla/David naics,nabisco inc.,[33]
Abdulla/David naics,institute of local and state government,[61]
Abdulla/David naics,tiderock corporation,[54]
Abdulla/David naics,medical center,[62]
Abdulla/David naics,mauritius,[92]
Abdulla/David naics,university of california at berkeley,[61]
Abdulla/David naics,federal alcohol and drug abuse program,[92]
Abdulla/David naics,broadcasting computing inc.,[54]
Abdulla/David naics,atlanta ballet,[71]
Abdulla/David naics,st. lukes-roosevelt hospital center,[62]
Abdulla/David naics,mayan historical studies,[]
Abdulla/David naics,philco,[31]
Abdulla/David naics,hospital,[62]
Abdulla/David naics,united states coast guard academy,[61]
Abdulla/David naics,electric products,[33]
Abdulla/David naics,export-import {bank,[52]
Abdulla/David naics,films,[71]
Abdulla/David naics,stage,[71]
Abdulla/David naics,company,"[54, 31]"
Abdulla/David naics,investment banking concern,[52]
Abdulla/David naics,law firm of cohen & wolf,[54]
Abdulla/David naics,importer of wine and liquors,[42]
Abdulla/David naics,[pediatric allergis],[62]
Abdulla/David naics,delegate to the united nations,[92]
Abdulla/David naics,television series,[71]
Abdulla/David naics,vaudeville,[71]
Abdulla/David naics,pittsburgh penguins,[71]
Abdulla/David naics,"thacher, proffitt & wod",[54]
Abdulla/David naics,financial aid for college and technical schools,[61]
Abdulla/David naics,broadway's,[71]
Abdulla/David naics,vassar college board of trustees,[]
Abdulla/David naics,cancer center,[62]
Abdulla/David naics,''today'' show,[51]
Abdulla/David naics,macmillan ring- free oil company,[22]
Abdulla/David naics,milliken & company,[92]
Abdulla/David naics,sarah lawrence college,[61]
Abdulla/David naics,aldwych theater,[71]
Abdulla/David naics,poetry,[71]
Abdulla/David naics,military electrical engineering academy,[61]
Abdulla/David naics,hofstra university school of business,[61]
Abdulla/David naics,ithaca college,[61]
Abdulla/David naics,ensemble,[71]
Abdulla/David naics,american red cross,[81]
Abdulla/David naics,research institute for the study of man,[61]
Abdulla/David naics,"phillips, nizer, benjamin, krim & ballon",[54]
Abdulla/David naics,technical audit associates,[54]
Abdulla/David naics,cbs televison network,[71]
Abdulla/David naics,neuropsychiatric institute,[62]
Abdulla/David naics,automobiles,[31]
Abdulla/David naics,freudenheim brothers inc.,[42]
Abdulla/David naics,manhattan psychiatric center,[61]
Abdulla/David naics,house of lords,[92]
Abdulla/David naics,balalaika symphonic orchestra,[71]
Abdulla/David naics,rhode island,[92]
Abdulla/David naics,broadway,[71]
Abdulla/David naics,new jersey's department of agriculture,[54]
Abdulla/David naics,marketing research organization,[54]
Abdulla/David naics,ted bates and company,[54]
Abdulla/David naics,new york chapter of integrity,[81]
Abdulla/David naics,argentina,[92]
Abdulla/David naics,texas,[92]
Abdulla/David naics,wholesale watch and jewelry company,[42]
Abdulla/David naics,new jersey agricultural extension service,[54]
Abdulla/David naics,baking,[31]
Abdulla/David naics,black diamond steamship lines,[48]
Abdulla/David naics,city of baltimore,[92]
Abdulla/David naics,university,"[61, 62]"
Abdulla/David naics,great atlantic and pacific tea compny,[44]
Abdulla/David naics,a.c. nielsen company,[54]
Abdulla/David naics,council on foreign relations,[81]
Abdulla/David naics,morgan stanley & company,[52]
Abdulla/David naics,"collier, shannon, rill & scott",[54]
Abdulla/David naics,boston red sox,[71]
Abdulla/David naics,davis polk & wardwell,[54]
Abdulla/David naics,navy,[92]
Abdulla/David naics,israel journal of psychiatry,[51]
Abdulla/David naics,burlesque stage,[71]
Abdulla/David naics,bates agency,[5]
Abdulla/David naics,franklin d. roosevelt's administration,[92]
Abdulla/David naics,the new york times,[51]
Abdulla/David naics,factory,[31]
Abdulla/David naics,fall river evening news,[51]
Abdulla/David naics,interfirst bank,[52]
Abdulla/David naics,belgian line,[48]
Abdulla/David naics,broadcasting magazine,[51]
Abdulla/David naics,yeshiva university,[61]
Abdulla/David naics,dallas morning news,[51]
Abdulla/David naics,beth israel,[62]
Abdulla/David naics,house & garden,[51]
Abdulla/David naics,beneficial corporation,[52]
Abdulla/David naics,air force association,[81]
Abdulla/David naics,mail-order companies,[51]
Abdulla/David naics,national gay and lesbian task force,[81]
Abdulla/David naics,national catholic news service,[51]
Abdulla/David naics,new york philharmonic,[71]
Abdulla/David naics,faculty,"[81, 61]"
Abdulla/David naics,university of manitoba,[61]
Abdulla/David naics,j.n. bartfield galleries,[44]
Abdulla/David naics,real-estate companies,[53]
Abdulla/David naics,inquirer-messenger,[51]
Abdulla/David naics,paper novelty manufacturing company,[31]
Abdulla/David naics,law firm,[54]
Abdulla/David naics,rutgers university,[61]
Abdulla/David naics,federal works agency,[92]
Abdulla/David naics,columbia university,[61]
Abdulla/David naics,minneapolis star,[51]
Abdulla/David naics,california state university- los angeles,[61]
Abdulla/David naics,truman administration,[92]
Abdulla/David naics,theater,[71]
Abdulla/David naics,grocery manufacturers of america,[81]
Abdulla/David naics,television,"[51, 71]"
Abdulla/David naics,princeton,[62]
Abdulla/David naics,steel manufacturing,[33]
Abdulla/David naics,agricultural economics department,[61]
Abdulla/David naics,freie arbeiter stimme,[71]
Abdulla/David naics,compagnie maritime belge,[48]
Abdulla/David naics,columbia university press,[51]
Abdulla/David naics,howard r. hughes,[54]
Abdulla/David naics,"fischer, kraker, miscelli inc",[54]
Abdulla/David naics,department store,[44]
Abdulla/David naics,[law firm],[54]
Abdulla/David naics,drackett company,[31]
Abdulla/David naics,william alanson white institute,[62]
Abdulla/David naics,ideal basic industries inc.,[31]
Abdulla/David naics,walter reed army institute,[54]
Abdulla/David naics,queens,[61]
Abdulla/David naics,israeli governments,[92]
Abdulla/David naics,abraham & straus,[44]
Abdulla/David naics,black & decker,[31]
Abdulla/David naics,retail municipal bond department,[52]
Abdulla/David naics,physics,[61]
Abdulla/David naics,bulletin,[51]
Abdulla/David naics,organization of homosexuals,[81]
Abdulla/David naics,new york supreme court,[92]
Abdulla/David naics,radio,[51]
Abdulla/David naics,dermatological society,[81]
Abdulla/David naics,shipping company,[48]
Abdulla/David naics,fire department,[92]
Abdulla/David naics,croton-cortlandt news,[51]
Abdulla/David naics,new york press association,[81]
Abdulla/David naics,book business,[44]
Abdulla/David naics,new york pro musica antiqua,[71]
Abdulla/David naics,city college,[61]
Abdulla/David naics,american council of learned societies,[81]
Abdulla/David naics,frank h. taylor & son inc.,[53]
Abdulla/David naics,atomic energy commission,[92]
Abdulla/David naics,beekman-downtown,[62]
Abdulla/David naics,asheville school,[61]
Abdulla/David naics,stage farce,[71]
Abdulla/David naics,potash and phosphate institute,[54]
Abdulla/David naics,booth newspapers inc,[51]
Abdulla/David naics,minneapolis tribune,[51]
Abdulla/David naics,art,[71]
Abdulla/David naics,american shakespeare festival,[71]
Abdulla/David naics,crown publishers inc.,[51]
Abdulla/David naics,securities company,[52]
Abdulla/David naics,contributor to medical and surgical journals,[264]
Abdulla/David naics,college,[61]
Abdulla/David naics,greece,[92]
Abdulla/David naics,new york giants,[71]
Abdulla/David naics,musical comedies,[71]
Abdulla/David naics,movie,[71]
Abdulla/David naics,gulf and western industries,[21]
Abdulla/David naics,asthma care association of america,[62]
Abdulla/David naics,brandeis university,[61]
Abdulla/David naics,[composer],[71]
Abdulla/David naics,canadian fertilizer institute,[54]
Abdulla/David naics,mary roberts rinehart foundation,[81]
Abdulla/David naics,houston natural gas corporation,[21]
Abdulla/David naics,detroit tiger,[71]
Abdulla/David naics,[theater],[71]
Abdulla/David naics,renfield importers ltd.,[42]
Abdulla/David naics,jewish family service,[81]
Abdulla/David naics,l. f. rothschild unterberg towbin,[52]
Abdulla/David naics,literary works,[71]
Abdulla/David naics,jewish theological seminary,[61]
Abdulla/David naics,district of columbia gay activists alliance,[81]
Abdulla/David naics,national hockey league,[71]
Abdulla/David naics,long island home builders institute,[53]
Abdulla/David naics,american dental association,[62]
Abdulla/David naics,owensboro inquirer,[51]
Abdulla/David naics,central hanover bank and trust company,[52]
Abdulla/David naics,new york city police,[92]
Abdulla/David naics,science foundations,[81]
Abdulla/David naics,cbs news,[51]
Abdulla/David naics,xx: frank e. campbell funeral chapel inc.,[]
Abdulla/David naics,war assets admininstration,[92]
Abdulla/David naics,mobil oil corporation,[22]
Abdulla/David naics,creighton university,[61]
Abdulla/David naics,massachusetts institute of technology,[61]
Abdulla/David naics,albert einstein college of medicine,[61]
Abdulla/David naics,feature films,[51]
Abdulla/David naics,northwestern university hospital,[62]
Abdulla/David naics,copper and gold mining,[21]
Abdulla/David naics,department of pharmacology,[61]
Abdulla/David naics,newspaper,[51]
Abdulla/David naics,alixandre furs inc.,[]
Abdulla/David naics,detroit news,[51]
Abdulla/David naics,associated fur manufacturers inc,[]
Abdulla/David naics,portugal,[92]
Abdulla/David naics,[army officer],[92]
Abdulla/David naics,general assembly],[92]
Abdulla/David naics,kentucky press association,[81]
Abdulla/David naics,[theater director],[71]
Abdulla/David naics,"neilson, burrill & company",[54]
Abdulla/David naics,new york junior league,[62]
Abdulla/David naics,general accounting office,[92]
Abdulla/David naics,freudian school of paris,[62]
Abdulla/David naics,st. john's university,[61]
Abdulla/David naics,entertainment industry,[71]
Abdulla/David naics,new york state league of women votes,[82]
Abdulla/David naics,"brooks, harvey & company",[52]
Abdulla/David naics,house judiciary committee,[92]
Abdulla/David naics,st. john's guild floating {hospital,[62]
Abdulla/David naics,otto gerdau company,[42]
Abdulla/David naics,associated press bureau,[51]
Abdulla/David naics,jewish reconstructionist movement,[81]
Abdulla/David naics,yankees,[71]
Abdulla/David naics,academy of sciences,[81]
Abdulla/David naics,national institutes of health,[62]
Abdulla/David naics,baroque music,[71]
Abdulla/David naics,united states arms control and disarmament agency,[92]
Abdulla/David naics,radio free europe,"[81, 54]"
Abdulla/David naics,trinity parish,[81]
Abdulla/David naics,potash company,[21]
Abdulla/David naics,loeb drama center,[71]
Abdulla/David naics,advertising council,[81]
Abdulla/David naics,government,[92]
Abdulla/David naics,merrick corporation,[31]
Abdulla/David naics,san antonio light,[51]
Abdulla/David naics,young & rubicam,[54]
Abdulla/David naics,news election service,[51]
Abdulla/David naics,colgate-palmolive company,[31]
Abdulla/David naics,department of health,[62]
Abdulla/David naics,acoustic research,[54]
Abdulla/David naics,american president lines,[48]
Abdulla/David naics,management planning inc.,[52]
Abdulla/David naics,mount sinai medical center,[62]
Abdulla/David naics,new york department of city planning,[92]
Abdulla/David naics,coca-cola company,[42]
Abdulla/David naics,dance theater,[71]
Abdulla/David naics,partisan review,[54]
Abdulla/David naics,"television series ''the phil silvers show,''",[71]
Abdulla/David naics,new york county,[92]
Abdulla/David naics,allstate insurance company,[52]
Abdulla/David naics,professional hockey writers association,[81]
Abdulla/David naics,broadway productions,[71]
Abdulla/David naics,cathedral of st. john the divine,[81]
Abdulla/David naics,maker of industrial weighing equipment,[31]
Abdulla/David naics,georgetown university law center,[61]
Abdulla/David naics,owensboro broadcasting company,[51]
Abdulla/David naics,park & tilford import corporation,[42]
Abdulla/David naics,howard university,"[61, 71]"
Abdulla/David naics,yiddish journal,[71]
Abdulla/David naics,journal,"[51, 71]"
Abdulla/David naics,trinidad and tobago,[92]
Abdulla/David naics,brokerage,[52]
Abdulla/David naics,manufacturing,[31]
Abdulla/David naics,securities evaluation concern,[52]
Abdulla/David naics,fordham's doctoral program,[61]
Abdulla/David naics,ninth armored tank division,[52]
Abdulla/David naics,christian science monitor,[51]
Abdulla/David naics,newspapers,[51]
Abdulla/David naics,shipping,[48]
Abdulla/David naics,magazine,[51]
Abdulla/David naics,philco corporation,[31]
Abdulla/David naics,general services administration,[92]
Abdulla/David naics,christian science church,[81]
Abdulla/David naics,packard-bamberger & company,[44]
Abdulla/David naics,united states,[92]
Abdulla/David naics,delaware river basin commission,[92]
Abdulla/David naics,new york herald tribune,[51]
Abdulla/David naics,pentagon,[92]
Abdulla/David naics,museum,[]
Abdulla/David naics,united states coast guard,[92]
Abdulla/David naics,senate,[92]
Abdulla/David naics,bronx home news,[51]
Abdulla/David naics,united nations,[81]
Abdulla/David naics,international trading company,[42]
Abdulla/David naics,technological analyss,[54]
Abdulla/David naics,owensboro publishing company,[51]
Abdulla/David naics,the new york herald tribune,[51]
Abdulla/David naics,signal corps,[92]
Abdulla/David naics,washington university,[61]
Abdulla/David naics,wholesale,[42]
Abdulla/David naics,traditional persian and caucasian music,[71]
Abdulla/David naics,time inc.,[51]
Abdulla/David naics,new york public library,[51]
Abdulla/David naics,bakers weekly,[52]
Abdulla/David naics,britain,[92]
Abdulla/David naics,guardian life insurance company,[52]
Abdulla/David naics,psychoanalysis,[62]
Abdulla/David naics,the daily news,[51]
Abdulla/David naics,broadway plays,[71]
Abdulla/David naics,rca corporation,[31]
Abdulla/David naics,mesifta torah vodaat,[62]
Abdulla/David naics,new york university school of medicine.,[61]
Abdulla/David naics,elizabeth symphony orchestra,[71]
Abdulla/David naics,brooklyn college,[61]
KZ-whatTheyWere,coach,[3422]
KZ-whatTheyWere,founder,[1120]
KZ-whatTheyWere,dance,[2653]
KZ-whatTheyWere,executive,[1120]
KZ-whatTheyWere,actress,[2655]
KZ-whatTheyWere,manager,[1120]
KZ-whatTheyWere,radio,"[2652, 2654, 2655, 2656]"
KZ-whatTheyWere,industrialist,[1120]
KZ-whatTheyWere,economist,[2631]
KZ-whatTheyWere,mayor,[1112]
KZ-whatTheyWere,ballet,[2653]
KZ-whatTheyWere,producer,[2654]
KZ-whatTheyWere,photographer,[3431]
KZ-whatTheyWere,writer,"[2641, 2642]"
KZ-whatTheyWere,painter,[2651]
KZ-whatTheyWere,chess,"[3421, 3422]"
KZ-whatTheyWere,psychiatrist,[2212]
KZ-whatTheyWere,chancellor,[1112]
KZ-whatTheyWere,jazz,[2652]
KZ-whatTheyWere,trombonist,[2652]
KZ-whatTheyWere,psychologist,[2634]
KZ-whatTheyWere,judge,[2422]
KZ-whatTheyWere,surgeon,[2212]
KZ-whatTheyWere,investor,[3311]
KZ-whatTheyWere,artist,[265]
KZ-whatTheyWere,opera,"[2652, 2654]"
KZ-whatTheyWere,curator,[2621]
KZ-whatTheyWere,mathematician,[2120]
KZ-whatTheyWere,priest,[2636]
KZ-whatTheyWere,journalist,[2642]
KZ-whatTheyWere,cardiologist,[2212]
KZ-whatTheyWere,attorney,[2611]
KZ-whatTheyWere,art,[2651]
KZ-whatTheyWere,choreographer,[2653]
KZ-whatTheyWere,chef,[3434]
KZ-whatTheyWere,neurology,[2212]
KZ-whatTheyWere,lawyer,[2611]
KZ-whatTheyWere,portrait,[2651]
KZ-whatTheyWere,novelist,[2641]
KZ-whatTheyWere,sport,[342]
KZ-whatTheyWere,sociology,[2632]
KZ-whatTheyWere,baritone,[2652]
KZ-whatTheyWere,movie,"[2654, 2655]"
KZ-whatTheyWere,orchestra,[2652]
KZ-whatTheyWere,philosopher,[2633]
KZ-whatTheyWere,violinist,[2652]
KZ-whatTheyWere,architecture,"[2161, 2162]"
KZ-whatTheyWere,biology,[2131]
KZ-whatTheyWere,philosophy,[2633]
KZ-whatTheyWere,reporter,[2642]
KZ-whatTheyWere,physicist,[2111]
KZ-whatTheyWere,baseball,"[3421, 3422]"
KZ-whatTheyWere,teacher,[23]
KZ-whatTheyWere,publisher,"[2641, 2642]"
KZ-whatTheyWere,translator,[2643]
KZ-whatTheyWere,columnist,[2642]
KZ-whatTheyWere,pediatrician,[2212]
KZ-whatTheyWere,trainer,[3422]
KZ-whatTheyWere,playwright,[2541]
KZ-whatTheyWere,dancer,[2653]
KZ-whatTheyWere,composer,[2652]
KZ-whatTheyWere,librarian,[2622]
KZ-whatTheyWere,dean,[2310]
KZ-whatTheyWere,psychoanalyst,[2634]
KZ-whatTheyWere,engineer,"[214, 215]"
KZ-whatTheyWere,basketball,"[3421, 3422]"
KZ-whatTheyWere,historian,[2633]
KZ-whatTheyWere,music,[2652]
KZ-whatTheyWere,editor,"[2641, 2642]"
KZ-whatTheyWere,poet,[2641]
KZ-whatTheyWere,conductor,[2652]
KZ-whatTheyWere,musician,[2652]
KZ-whatTheyWere,pitcher,[3421]
KZ-whatTheyWere,pastor,[2636]
KZ-whatTheyWere,soprano,[2652]
KZ-whatTheyWere,representative,[1112]
KZ-whatTheyWere,sculptor,[2651]
KZ-whatTheyWere,physician,"[2211, 2212]"
KZ-whatTheyWere,television,"[2654, 2655]"
KZ-whatTheyWere,novel,[2641]
KZ-whatTheyWere,illustrator,[2651]
KZ-whatTheyWere,cartoonist,[2651]
KZ-whatTheyWere,governor,[1112]
KZ-whatTheyWere,architect,"[2161, 2162]"
KZ-whatTheyWere,anthropologist,[2632]
KZ-whatTheyWere,fashion,"[2163, 5241]"
KZ-whatTheyWere,engineering,[21]
KZ-whatTheyWere,comedian,"[2655, 2659]"
KZ-whatTheyWere,tenor,[2652]
KZ-whatTheyWere,stockbroker,[3311]
KZ-whatTheyWere,surgery,"[2211, 2212]"
KZ-whatTheyWere,film,"[2654, 2655]"
KZ-whatTheyWere,author,[2641]
KZ-whatTheyWere,boxing,"[3421, 3422]"
KZ-whatTheyWere,actor,[2655]
KZ-whatTheyWere,chairman,[1120]
KZ-whatTheyWere,educator,[23]
KZ-whatTheyWere,pianist,[2652]
KZ-whatTheyWere,chemist,[2113]
KZ-whatTheyWere,biochemist,[2131]
KZ-whatTheyWere,football,[342]
KZ-whatTheyWere,director,[1120]
KZ-whatTheyWere,president,[1120]
KZ-whatTheyWere,screenwriter,[2641]
KZ-whatTheyWere,singer,[2652]
KZ-whatTheyWere,theater,"[2652, 2653, 2654, 2655]"
KZ-whatTheyWere,vice,[1120]
KZ-whatTheyWere,painting,[2651]
KZ-whatTheyWere,professor,[2310]
KZ-whatTheyWere,psychiatry,[2212]
KZ-whatTheyWere,businessman,[1120]
KZ-whatTheyWere,chemistry,[2113]
KZ-whatTheyWere,physics,[2111]
